[0,0,0,0,0,1,0,0,0,0,0,0,0,0,0,2,0,0,0,0,0,0,0],192.168.7.132,(1443032540,791729000,0),benign
[0,0,0,0,0,1,0,0,0,0,0,0,0,0,0,1,0,0,0,0,0,0,0],192.168.7.133,(1443032540,784018000,0),benign
[0,0,0,0,0,1,0,0,0,0,0,0,0,0,0,1,0,0,0,0,0,0,0],192.168.7.134,(1443032540,760379000,0),benign
[0,0,0,0,0,1,0,0,0,0,0,0,0,0,0,1,0,0,0,0,0,0,0],192.168.7.135,(1443032540,757716000,0),benign
[0,0,0,0,0,1,0,0,0,0,0,0,0,0,0,1,0,0,0,0,0,0,0],192.168.7.136,(1443032540,811099000,0),benign
[0,0,0,0,0,1,0,0,0,0,0,0,0,0,0,1,0,0,0,0,0,0,0],192.168.7.137,(1443032540,763711000,0),benign
[0,0,0,0,0,1,0,0,0,0,0,0,0,0,0,1,0,0,0,0,0,0,0],192.168.6.40,(1443032540,751786000,0),benign
[0,0,0,0,0,1,0,0,0,0,0,0,0,0,0,2,0,0,0,0,0,0,0],192.168.7.138,(1443032540,811406000,0),benign
[0,0,0,0,0,1,0,0,0,0,0,0,0,0,0,1,0,0,0,0,0,0,0],192.168.7.139,(1443032540,791604000,0),benign
[0,0,0,0,0,1,0,0,0,0,0,0,0,0,0,1,0,0,0,0,0,0,0],192.168.6.41,(1443032540,751730000,0),benign
[0,0,0,0,0,1,0,0,0,0,0,0,0,0,0,1,0,0,0,0,0,0,0],192.168.6.42,(1443032540,802809000,0),benign
[0,0,0,0,0,1,0,0,0,0,0,0,0,0,0,1,0,0,0,0,0,0,0],192.168.6.43,(1443032540,768785000,0),benign
[0,0,0,0,0,1,0,0,0,0,0,0,0,0,0,2,0,0,0,0,0,0,0],192.168.6.44,(1443032540,807629000,0),benign
[0,0,0,0,0,1,0,0,0,0,0,0,0,0,0,1,0,0,0,0,0,0,0],192.168.6.45,(1443032540,796502000,0),benign
[0,0,0,0,0,0,0,0,0,0,0,0,0,0,0,0,0,0,0,0,0,0,0],192.168.6.46,(1443032540,759143000,0),benign
[0,0,0,0,0,1,0,0,0,0,0,0,0,0,0,1,0,0,0,0,0,0,0],192.168.6.47,(1443032540,770667000,0),benign
[0,0,0,0,0,1,0,0,0,0,0,0,0,0,0,2,0,0,0,0,0,0,0],192.168.6.48,(1443032540,810666000,0),benign
[0,0,0,0,0,1,0,0,0,0,0,0,0,0,0,1,0,0,0,0,0,0,0],192.168.5.240,(1443032540,813848000,0),benign
[0,0,0,0,0,1,0,0,0,0,0,0,0,0,0,2,0,0,0,0,0,0,0],192.168.5.242,(1443032540,764284000,0),benign
[0,0,0,0,0,1,0,0,0,0,0,0,0,0,0,1,0,0,0,0,0,0,0],192.168.5.244,(1443032540,764329000,0),benign
[0,0,0,0,0,1,0,0,0,0,0,0,0,0,0,1,0,0,0,0,0,0,0],192.168.5.245,(1443032540,753846000,0),benign
[0,0,0,0,0,1,0,0,0,0,0,0,0,0,0,1,0,0,0,0,0,0,0],192.168.5.246,(1443032540,795226000,0),benign
[0,0,0,0,0,1,0,0,0,0,0,0,0,0,0,1,0,0,0,0,0,0,0],192.168.5.247,(1443032540,788888000,0),benign
[0,0,0,0,0,1,0,0,0,0,0,0,0,0,0,1,0,0,0,0,0,0,0],192.168.7.31,(1443032540,744450000,0),benign
[0,0,0,0,0,1,0,0,0,0,0,0,0,0,0,1,0,0,0,0,0,0,0],192.168.7.32,(1443032540,803025000,0),benign
[0,0,0,0,0,1,0,0,0,0,0,0,0,0,0,1,0,0,0,0,0,0,0],192.168.5.248,(1443032540,773979000,0),benign
[0,0,0,0,0,1,0,0,0,0,0,0,0,0,0,1,0,0,0,0,0,0,0],192.168.5.249,(1443032540,809211000,0),benign
[0,0,0,0,0,0,0,0,0,0,0,0,0,0,0,0,0,0,0,0,0,0,0],192.168.7.33,(1443032540,747597000,0),benign
[0,0,0,0,0,1,0,0,0,0,0,0,0,0,0,2,0,0,0,0,0,0,0],192.168.7.34,(1443032540,810072000,0),benign
[0,0,0,0,0,1,0,0,0,0,0,0,0,0,0,1,0,0,0,0,0,0,0],192.168.7.35,(1443032540,792166000,0),benign
[0,0,0,0,0,1,0,0,0,0,0,0,0,0,0,1,0,0,0,0,0,0,0],192.168.7.36,(1443032540,793019000,0),benign
[0,0,0,0,0,2,0,0,0,0,0,0,0,0,0,1,0,0,0,0,0,0,0],192.168.7.37,(1443032540,765690000,0),benign
[0,0,0,0,0,1,0,0,0,0,0,0,0,0,0,2,0,0,0,0,0,0,0],192.168.7.38,(1443032540,811938000,0),benign
[0,0,0,0,0,1,0,0,0,0,0,0,0,0,0,1,0,0,0,0,0,0,0],192.168.7.39,(1443032540,804457000,0),benign
[0,0,0,0,0,1,0,0,0,0,0,0,0,0,0,1,0,0,0,0,0,0,0],192.168.6.240,(1443032540,775710000,0),benign
[0,0,0,0,0,1,0,0,0,0,0,0,0,0,0,2,0,0,0,0,0,0,0],192.168.6.241,(1443032540,770728000,0),benign
[0,0,0,0,0,1,0,0,0,0,0,0,0,0,0,1,0,0,0,0,0,0,0],192.168.6.243,(1443032540,764498000,0),benign
[0,0,0,0,0,1,0,0,0,0,0,0,0,0,0,1,0,0,0,0,0,0,0],192.168.6.244,(1443032540,757427000,0),benign
[0,0,0,0,0,1,0,0,0,0,0,0,0,0,0,1,0,0,0,0,0,0,0],192.168.6.245,(1443032540,753507000,0),benign
[0,0,0,0,0,1,0,0,0,0,0,0,0,0,0,1,0,0,0,0,0,0,0],192.168.6.246,(1443032540,815574000,0),benign
[0,0,0,0,0,1,0,0,0,0,0,0,0,0,0,1,0,0,0,0,0,0,0],192.168.6.248,(1443032540,773792000,0),benign
[0,0,0,0,0,0,0,0,0,0,0,0,0,0,0,0,0,0,0,0,0,0,0],192.168.6.249,(1443032540,758754000,0),benign
[0,0,0,0,0,0,0,0,0,0,0,0,0,0,0,0,0,0,0,0,0,0,0],192.168.7.241,(1443032540,760422000,0),benign
[0,0,0,0,0,2,0,0,0,0,0,0,0,0,0,1,0,0,0,0,0,0,0],192.168.7.242,(1443032540,800054000,0),benign
[0,0,0,0,0,1,0,0,0,0,0,0,0,0,0,2,0,0,0,0,0,0,0],192.168.7.243,(1443032540,809662000,0),benign
[0,0,0,0,0,1,0,0,0,0,0,0,0,0,0,2,0,0,0,0,0,0,0],192.168.7.244,(1443032540,788696000,0),benign
[0,0,0,0,0,0,0,0,0,0,0,0,0,0,0,0,0,0,0,0,0,0,0],192.168.7.245,(1443032540,765867000,0),benign
[0,0,0,0,0,1,0,0,0,0,0,0,0,0,0,2,0,0,0,0,0,0,0],192.168.7.246,(1443032540,806090000,0),benign
[0,0,0,0,0,1,0,0,0,0,0,0,0,0,0,2,0,0,0,0,0,0,0],192.168.7.247,(1443032540,796588000,0),benign
[0,0,0,0,0,1,0,0,0,0,0,0,0,0,0,2,0,0,0,0,0,0,0],192.168.7.248,(1443032540,765179000,0),benign
[0,0,0,0,0,1,0,0,0,0,0,0,0,0,0,1,0,0,0,0,0,0,0],192.168.5.1,(1443032540,782372000,0),benign
[0,0,0,0,0,1,0,0,0,0,0,0,0,0,0,1,0,0,0,0,0,0,0],192.168.7.249,(1443032540,754075000,0),benign
[0,0,0,0,0,1,0,0,0,0,0,0,0,0,0,2,0,0,0,0,0,0,0],192.168.5.2,(1443032540,767635000,0),benign
[0,0,0,0,0,1,0,0,0,0,0,0,0,0,0,1,0,0,0,0,0,0,0],192.168.5.3,(1443032540,805676000,0),benign
[0,0,0,0,0,1,0,0,0,0,0,0,0,0,0,2,0,0,0,0,0,0,0],192.168.5.4,(1443032540,792611000,0),benign
[0,0,0,0,0,1,0,0,0,0,0,0,0,0,0,1,0,0,0,0,0,0,0],192.168.5.5,(1443032540,764540000,0),benign
[0,0,0,0,0,2,0,0,0,0,0,0,0,0,0,1,0,0,0,0,0,0,0],192.168.5.6,(1443032540,803405000,0),benign
[0,0,0,0,0,1,0,0,0,0,0,0,0,0,0,1,0,0,0,0,0,0,0],192.168.5.7,(1443032540,806472000,0),benign
[0,0,0,0,0,0,0,0,0,0,0,0,0,0,0,0,0,0,0,0,0,0,0],192.168.5.9,(1443032540,785623000,0),benign
[0,0,0,0,0,1,0,0,0,0,0,0,0,0,0,1,0,0,0,0,0,0,0],192.168.5.140,(1443032540,787746000,0),benign
[0,0,0,0,0,1,0,0,0,0,0,0,0,0,0,2,0,0,0,0,0,0,0],192.168.5.141,(1443032540,814216000,0),benign
[0,0,0,0,0,1,0,0,0,0,0,0,0,0,0,1,0,0,0,0,0,0,0],192.168.5.142,(1443032540,799481000,0),benign
[0,0,0,0,0,1,0,0,0,0,0,0,0,0,0,1,0,0,0,0,0,0,0],192.168.5.143,(1443032540,775058000,0),benign
[0,0,0,0,0,2,0,0,0,0,0,0,0,0,0,1,0,0,0,0,0,0,0],192.168.5.144,(1443032540,753404000,0),benign
[0,0,0,0,0,1,0,0,0,0,0,0,0,0,0,2,0,0,0,0,0,0,0],192.168.5.145,(1443032540,800177000,0),benign
[0,0,0,0,0,2,0,0,0,0,0,0,0,0,0,1,0,0,0,0,0,0,0],192.168.5.146,(1443032540,799679000,0),benign
[0,0,0,0,0,1,0,0,0,0,0,0,0,0,0,2,0,0,0,0,0,0,0],192.168.5.147,(1443032540,784819000,0),benign
[0,0,0,0,0,1,0,0,0,0,0,0,0,0,0,1,0,0,0,0,0,0,0],192.168.5.148,(1443032540,787655000,0),benign
[0,0,0,0,0,1,0,0,0,0,0,0,0,0,0,2,0,0,0,0,0,0,0],192.168.5.149,(1443032540,809176000,0),benign
[0,0,0,0,0,1,0,0,0,0,0,0,0,0,0,1,0,0,0,0,0,0,0],192.168.6.140,(1443032540,791773000,0),benign
[0,0,0,0,0,1,0,0,0,0,0,0,0,0,0,1,0,0,0,0,0,0,0],192.168.6.141,(1443032540,748209000,0),benign
[0,0,0,0,0,1,0,0,0,0,0,0,0,0,0,1,0,0,0,0,0,0,0],192.168.6.142,(1443032540,814527000,0),benign
[0,0,0,0,0,2,0,0,0,0,0,0,0,0,0,1,0,0,0,0,0,0,0],192.168.5.60,(1443032540,775482000,0),benign
[0,0,0,0,0,1,0,0,0,0,0,0,0,0,0,2,0,0,0,0,0,0,0],192.168.6.144,(1443032540,774038000,0),benign
[0,0,0,0,0,1,0,0,0,0,0,0,0,0,0,1,0,0,0,0,0,0,0],192.168.5.62,(1443032540,809618000,0),benign
[0,0,0,0,0,1,0,0,0,0,0,0,0,0,0,1,0,0,0,0,0,0,0],192.168.6.145,(1443032540,746558000,0),benign
[0,0,0,0,0,1,0,0,0,0,0,0,0,0,0,2,0,0,0,0,0,0,0],192.168.5.63,(1443032540,808333000,0),benign
[0,0,0,0,0,1,0,0,0,0,0,0,0,0,0,2,0,0,0,0,0,0,0],192.168.6.146,(1443032540,770848000,0),benign
[0,0,0,0,0,2,0,0,0,0,0,0,0,0,0,1,0,0,0,0,0,0,0],192.168.5.64,(1443032540,755952000,0),benign
[0,0,0,0,0,0,0,0,0,0,0,0,0,0,0,0,0,0,0,0,0,0,0],192.168.6.147,(1443032540,778964000,0),benign
[0,0,0,0,0,1,0,0,0,0,0,0,0,0,0,1,0,0,0,0,0,0,0],192.168.5.65,(1443032540,746026000,0),benign
[0,0,0,0,0,2,0,0,0,0,0,0,0,0,0,1,0,0,0,0,0,0,0],192.168.6.148,(1443032540,791370000,0),benign
[0,0,0,0,0,1,0,0,0,0,0,0,0,0,0,1,0,0,0,0,0,0,0],192.168.6.149,(1443032540,783635000,0),benign
[0,0,0,0,0,1,0,0,0,0,0,0,0,0,0,1,0,0,0,0,0,0,0],192.168.5.66,(1443032540,759758000,0),benign
[0,0,0,0,0,0,0,0,0,0,0,0,0,0,0,0,0,0,0,0,0,0,0],192.168.5.68,(1443032540,808263000,0),benign
[0,0,0,0,0,2,0,0,0,0,0,0,0,0,0,1,0,0,0,0,0,0,0],192.168.5.69,(1443032540,803874000,0),benign
[0,0,0,0,0,1,0,0,0,0,0,0,0,0,0,2,0,0,0,0,0,0,0],192.168.7.140,(1443032540,805782000,0),benign
[0,0,0,0,0,1,0,0,0,0,0,0,0,0,0,2,0,0,0,0,0,0,0],192.168.7.141,(1443032540,787839000,0),benign
[0,0,0,0,0,0,0,0,0,0,0,0,0,0,0,0,0,0,0,0,0,0,0],192.168.7.142,(1443032540,774143000,0),benign
[0,0,0,0,0,1,0,0,0,0,0,0,0,0,0,1,0,0,0,0,0,0,0],192.168.7.143,(1443032540,769764000,0),benign
[0,0,0,0,0,0,0,0,0,0,0,0,0,0,0,0,0,0,0,0,0,0,0],192.168.7.144,(1443032540,772212000,0),benign
[0,0,0,0,0,1,0,0,0,0,0,0,0,0,0,1,0,0,0,0,0,0,0],192.168.7.145,(1443032540,752507000,0),benign
[0,0,0,0,0,1,0,0,0,0,0,0,0,0,0,1,0,0,0,0,0,0,0],192.168.7.147,(1443032540,794572000,0),benign
[0,0,0,0,0,1,0,0,0,0,0,0,0,0,0,2,0,0,0,0,0,0,0],192.168.6.50,(1443032540,806591000,0),benign
[0,0,0,0,0,1,0,0,0,0,0,0,0,0,0,1,0,0,0,0,0,0,0],192.168.7.148,(1443032540,782473000,0),benign
[0,0,0,0,0,1,0,0,0,0,0,0,0,0,0,1,0,0,0,0,0,0,0],192.168.7.149,(1443032540,788667000,0),benign
[0,0,0,0,0,2,0,0,0,0,0,0,0,0,0,1,0,0,0,0,0,0,0],192.168.6.51,(1443032540,809686000,0),benign
[0,0,0,0,0,1,0,0,0,0,0,0,0,0,0,2,0,0,0,0,0,0,0],192.168.6.53,(1443032540,814084000,0),benign
[0,0,0,0,0,0,0,0,0,0,0,0,0,0,0,0,0,0,0,0,0,0,0],192.168.6.54,(1443032540,755792000,0),benign
[0,0,0,0,0,1,0,0,0,0,0,0,0,0,0,2,0,0,0,0,0,0,0],192.168.6.55,(1443032540,809470000,0),benign
[0,0,0,0,0,2,0,0,0,0,0,0,0,0,0,1,0,0,0,0,0,0,0],192.168.6.56,(1443032540,767905000,0),benign
[0,0,0,0,0,1,0,0,0,0,0,0,0,0,0,2,0,0,0,0,0,0,0],192.168.6.57,(1443032540,811335000,0),benign
[0,0,0,0,0,1,0,0,0,0,0,0,0,0,0,1,0,0,0,0,0,0,0],192.168.6.58,(1443032540,805910000,0),benign
[0,0,0,0,0,1,0,0,0,0,0,0,0,0,0,1,0,0,0,0,0,0,0],192.168.6.59,(1443032540,808982000,0),benign
[0,0,0,0,0,2,0,0,0,0,0,0,0,0,0,1,0,0,0,0,0,0,0],192.168.5.250,(1443032540,804226000,0),benign
[0,0,0,0,0,1,0,0,0,0,0,0,0,0,0,1,0,0,0,0,0,0,0],192.168.5.252,(1443032540,749747000,0),benign
[0,0,0,0,0,0,0,0,0,0,0,0,0,0,0,0,0,0,0,0,0,0,0],192.168.5.253,(1443032540,759964000,0),benign
[0,0,0,0,0,0,0,0,0,0,0,0,0,0,0,0,0,0,0,0,0,0,0],192.168.5.255,(1443032540,802913000,0),benign
[0,0,0,0,0,0,0,0,0,0,0,0,0,0,0,0,0,0,0,0,0,0,0],192.168.7.40,(1443032540,749788000,0),benign
[0,0,0,0,0,0,0,0,0,0,0,0,0,0,0,0,0,0,0,0,0,0,0],192.168.7.41,(1443032540,813341000,0),benign
[0,0,0,0,0,1,0,0,0,0,0,0,0,0,0,2,0,0,0,0,0,0,0],192.168.7.42,(1443032540,775399000,0),benign
[0,0,0,0,0,1,0,0,0,0,0,0,0,0,0,1,0,0,0,0,0,0,0],192.168.7.43,(1443032540,763679000,0),benign
[0,0,0,0,0,0,0,0,0,0,0,0,0,0,0,0,0,0,0,0,0,0,0],192.168.7.46,(1443032540,774747000,0),benign
[0,0,0,0,0,0,0,0,0,0,0,0,0,0,0,0,0,0,0,0,0,0,0],192.168.7.47,(1443032540,771343000,0),benign
[0,0,0,0,0,1,0,0,0,0,0,0,0,0,0,1,0,0,0,0,0,0,0],192.168.7.48,(1443032540,808040000,0),benign
[0,0,0,0,0,2,0,0,0,0,0,0,0,0,0,1,0,0,0,0,0,0,0],192.168.6.250,(1443032540,764748000,0),benign
[0,0,0,0,0,0,0,0,0,0,0,0,0,0,0,0,0,0,0,0,0,0,0],192.168.7.49,(1443032540,775621000,0),benign
[0,0,0,0,0,2,0,0,0,0,0,0,0,0,0,1,0,0,0,0,0,0,0],192.168.6.251,(1443032540,815001000,0),benign
[0,0,0,0,0,1,0,0,0,0,0,0,0,0,0,1,0,0,0,0,0,0,0],192.168.6.253,(1443032540,761671000,0),benign
[0,0,0,0,0,1,0,0,0,0,0,0,0,0,0,1,0,0,0,0,0,0,0],192.168.6.254,(1443032540,765468000,0),benign
[0,0,0,0,0,1,0,0,0,0,0,0,0,0,0,1,0,0,0,0,0,0,0],192.168.6.255,(1443032540,778577000,0),benign
[0,0,0,0,0,1,0,0,0,0,0,0,0,0,0,1,0,0,0,0,0,0,0],192.168.7.250,(1443032540,745528000,0),benign
[0,0,0,0,0,0,0,0,0,0,0,0,0,0,0,0,0,0,0,0,0,0,0],192.168.7.251,(1443032540,805504000,0),benign
[0,0,0,0,0,1,0,0,0,0,0,0,0,0,0,1,0,0,0,0,0,0,0],192.168.7.252,(1443032540,783267000,0),benign
[0,0,0,0,0,2,0,0,0,0,0,0,0,0,0,1,0,0,0,0,0,0,0],192.168.7.253,(1443032540,799734000,0),benign
[0,0,0,0,0,1,0,0,0,0,0,0,0,0,0,1,0,0,0,0,0,0,0],192.168.7.254,(1443032540,784195000,0),benign
[0,0,0,0,0,0,0,0,0,0,0,0,0,0,0,0,0,0,0,0,0,0,0],192.168.7.255,(1443032540,799890000,0),benign
[0,0,0,0,0,2,0,0,0,0,0,0,0,0,0,1,0,0,0,0,0,0,0],192.168.5.150,(1443032540,791990000,0),benign
[0,0,0,0,0,0,0,0,0,0,0,0,0,0,0,0,0,0,0,0,0,0,0],192.168.5.151,(1443032540,757036000,0),benign
[0,0,0,0,0,1,0,0,0,0,0,0,0,0,0,1,0,0,0,0,0,0,0],192.168.5.152,(1443032540,772139000,0),benign
[0,0,0,0,0,1,0,0,0,0,0,0,0,0,0,2,0,0,0,0,0,0,0],192.168.5.153,(1443032540,812734000,0),benign
[0,0,0,0,0,1,0,0,0,0,0,0,0,0,0,2,0,0,0,0,0,0,0],192.168.5.154,(1443032540,784763000,0),benign
[0,0,0,0,0,0,0,0,0,0,0,0,0,0,0,0,0,0,0,0,0,0,0],192.168.5.155,(1443032540,780674000,0),benign
[0,0,0,0,0,0,0,0,0,0,0,0,0,0,0,0,0,0,0,0,0,0,0],192.168.5.156,(1443032540,776635000,0),benign
[0,0,0,0,0,1,0,0,0,0,0,0,0,0,0,1,0,0,0,0,0,0,0],192.168.5.157,(1443032540,792965000,0),benign
[0,0,0,0,0,2,0,0,0,0,0,0,0,0,0,1,0,0,0,0,0,0,0],192.168.5.158,(1443032540,811599000,0),benign
[0,0,0,0,0,1,0,0,0,0,0,0,0,0,0,1,0,0,0,0,0,0,0],192.168.5.159,(1443032540,764411000,0),benign
[0,0,0,0,0,0,0,0,0,0,0,0,0,0,0,0,0,0,0,0,0,0,0],192.168.6.150,(1443032540,751545000,0),benign
[0,0,0,0,0,1,0,0,0,0,0,0,0,0,0,1,0,0,0,0,0,0,0],192.168.6.151,(1443032540,794456000,0),benign
[0,0,0,0,0,0,0,0,0,0,0,0,0,0,0,0,0,0,0,0,0,0,0],192.168.6.152,(1443032540,780273000,0),benign
[0,0,0,0,0,0,0,0,0,0,0,0,0,0,0,0,0,0,0,0,0,0,0],192.168.6.153,(1443032540,759561000,0),benign
[0,0,0,0,0,2,0,0,0,0,0,0,0,0,0,1,0,0,0,0,0,0,0],192.168.5.70,(1443032540,813808000,0),benign
[0,0,0,0,0,0,0,0,0,0,0,0,0,0,0,0,0,0,0,0,0,0,0],192.168.6.154,(1443032540,792523000,0),benign
[0,0,0,0,0,0,0,0,0,0,0,0,0,0,0,0,0,0,0,0,0,0,0],192.168.5.71,(1443032540,770684000,0),benign
[0,0,0,0,0,0,0,0,0,0,0,0,0,0,0,0,0,0,0,0,0,0,0],192.168.6.155,(1443032540,810957000,0),benign
[0,0,0,0,0,1,0,0,0,0,0,0,0,0,0,1,0,0,0,0,0,0,0],192.168.5.72,(1443032540,805742000,0),benign
[0,0,0,0,0,0,0,0,0,0,0,0,0,0,0,0,0,0,0,0,0,0,0],192.168.5.73,(1443032540,784915000,0),benign
[0,0,0,0,0,0,0,0,0,0,0,0,0,0,0,0,0,0,0,0,0,0,0],192.168.6.157,(1443032540,812851000,0),benign
[0,0,0,0,0,2,0,0,0,0,0,0,0,0,0,1,0,0,0,0,0,0,0],192.168.6.158,(1443032540,804475000,0),benign
[0,0,0,0,0,2,0,0,0,0,0,0,0,0,0,1,0,0,0,0,0,0,0],192.168.6.159,(1443032540,813370000,0),benign
[0,0,0,0,0,1,0,0,0,0,0,0,0,0,0,1,0,0,0,0,0,0,0],192.168.5.77,(1443032540,813153000,0),benign
[0,0,0,0,0,0,0,0,0,0,0,0,0,0,0,0,0,0,0,0,0,0,0],192.168.5.78,(1443032540,814027000,0),benign
[0,0,0,0,0,0,0,0,0,0,0,0,0,0,0,0,0,0,0,0,0,0,0],192.168.5.79,(1443032540,788574000,0),benign
[0,0,0,0,0,1,0,0,0,0,0,0,0,0,0,1,0,0,0,0,0,0,0],192.168.7.150,(1443032540,749624000,0),benign
[0,0,0,0,0,1,0,0,0,0,0,0,0,0,0,1,0,0,0,0,0,0,0],192.168.7.151,(1443032540,786735000,0),benign
[0,0,0,0,0,2,0,0,0,0,0,0,0,0,0,1,0,0,0,0,0,0,0],192.168.7.152,(1443032540,772099000,0),benign
[0,0,0,0,0,1,0,0,0,0,0,0,0,0,0,2,0,0,0,0,0,0,0],192.168.7.153,(1443032540,809071000,0),benign
[0,0,0,0,0,0,0,0,0,0,0,0,0,0,0,0,0,0,0,0,0,0,0],192.168.7.155,(1443032540,781160000,0),benign
[0,0,0,0,0,1,0,0,0,0,0,0,0,0,0,1,0,0,0,0,0,0,0],192.168.7.156,(1443032540,768405000,0),benign
[0,0,0,0,0,1,0,0,0,0,0,0,0,0,0,1,0,0,0,0,0,0,0],192.168.7.157,(1443032540,809282000,0),benign
[0,0,0,0,0,0,0,0,0,0,0,0,0,0,0,0,0,0,0,0,0,0,0],192.168.6.60,(1443032540,788786000,0),benign
[0,0,0,0,0,0,0,0,0,0,0,0,0,0,0,0,0,0,0,0,0,0,0],192.168.6.61,(1443032540,780450000,0),benign
[0,0,0,0,0,1,0,0,0,0,0,0,0,0,0,1,0,0,0,0,0,0,0],192.168.7.159,(1443032540,752583000,0),benign
[0,0,0,0,0,1,0,0,0,0,0,0,0,0,0,1,0,0,0,0,0,0,0],192.168.6.62,(1443032540,758153000,0),benign
[0,0,0,0,0,1,0,0,0,0,0,0,0,0,0,1,0,0,0,0,0,0,0],192.168.6.65,(1443032540,778443000,0),benign
[0,0,0,0,0,2,0,0,0,0,0,0,0,0,0,1,0,0,0,0,0,0,0],192.168.6.66,(1443032540,788174000,0),benign
[0,0,0,0,0,0,0,0,0,0,0,0,0,0,0,0,0,0,0,0,0,0,0],192.168.6.67,(1443032540,763999000,0),benign
[0,0,0,0,0,1,0,0,0,0,0,0,0,0,0,1,0,0,0,0,0,0,0],192.168.6.68,(1443032540,810900000,0),benign
[0,0,0,0,0,0,0,0,0,0,0,0,0,0,0,0,0,0,0,0,0,0,0],192.168.6.69,(1443032540,756653000,0),benign
[0,0,0,0,0,0,0,0,0,0,0,0,0,0,0,0,0,0,0,0,0,0,0],192.168.7.50,(1443032540,808148000,0),benign
[0,0,0,0,0,1,0,0,0,0,0,0,0,0,0,1,0,0,0,0,0,0,0],192.168.7.51,(1443032540,809223000,0),benign
[0,0,0,0,0,0,0,0,0,0,0,0,0,0,0,0,0,0,0,0,0,0,0],192.168.7.52,(1443032540,781425000,0),benign
[0,0,0,0,0,1,0,0,0,0,0,0,0,0,0,2,0,0,0,0,0,0,0],192.168.7.53,(1443032540,811542000,0),benign
[0,0,0,0,0,0,0,0,0,0,0,0,0,0,0,0,0,0,0,0,0,0,0],192.168.7.54,(1443032540,766062000,0),benign
[0,0,0,0,0,2,0,0,0,0,0,0,0,0,0,1,0,0,0,0,0,0,0],192.168.7.55,(1443032540,794776000,0),benign
[0,0,0,0,0,0,0,0,0,0,0,0,0,0,0,0,0,0,0,0,0,0,0],192.168.7.56,(1443032540,755113000,0),benign
[0,0,0,0,0,0,0,0,0,0,0,0,0,0,0,0,0,0,0,0,0,0,0],192.168.7.57,(1443032540,765529000,0),benign
[0,0,0,0,0,2,0,0,0,0,0,0,0,0,0,1,0,0,0,0,0,0,0],192.168.7.58,(1443032540,805722000,0),benign
[0,0,0,0,0,0,0,0,0,0,0,0,0,0,0,0,0,0,0,0,0,0,0],192.168.7.59,(1443032540,746682000,0),benign
[0,0,0,0,0,0,0,0,0,0,0,0,0,0,0,0,0,0,0,0,0,0,0],192.168.5.10,(1443032540,807242000,0),benign
[0,0,0,0,0,0,0,0,0,0,0,0,0,0,0,0,0,0,0,0,0,0,0],192.168.5.11,(1443032540,784362000,0),benign
[0,0,0,0,0,2,0,0,0,0,0,0,0,0,0,1,0,0,0,0,0,0,0],192.168.5.12,(1443032540,769468000,0),benign
[0,0,0,0,0,0,0,0,0,0,0,0,0,0,0,0,0,0,0,0,0,0,0],192.168.5.16,(1443032540,776960000,0),benign
[0,0,0,0,0,0,0,0,0,0,0,0,0,0,0,0,0,0,0,0,0,0,0],192.168.5.17,(1443032540,750649000,0),benign
[0,0,0,0,0,0,0,0,0,0,0,0,0,0,0,0,0,0,0,0,0,0,0],192.168.5.18,(1443032540,787324000,0),benign
[0,0,0,0,0,2,0,0,0,0,0,0,0,0,0,1,0,0,0,0,0,0,0],192.168.5.200,(1443032540,774680000,0),benign
[0,0,0,0,0,0,0,0,0,0,0,0,0,0,0,0,0,0,0,0,0,0,0],192.168.5.201,(1443032540,780754000,0),benign
[0,0,0,0,0,0,0,0,0,0,0,0,0,0,0,0,0,0,0,0,0,0,0],192.168.5.202,(1443032540,752916000,0),benign
[0,0,0,0,0,0,0,0,0,0,0,0,0,0,0,0,0,0,0,0,0,0,0],192.168.5.203,(1443032540,782931000,0),benign
[0,0,0,0,0,1,0,0,0,0,0,0,0,0,0,1,0,0,0,0,0,0,0],192.168.5.204,(1443032540,757781000,0),benign
[0,0,0,0,0,1,0,0,0,0,0,0,0,0,0,1,0,0,0,0,0,0,0],192.168.5.205,(1443032540,764561000,0),benign
[0,0,0,0,0,0,0,0,0,0,0,0,0,0,0,0,0,0,0,0,0,0,0],192.168.5.206,(1443032540,774618000,0),benign
[0,0,0,0,0,2,0,0,0,0,0,0,0,0,0,1,0,0,0,0,0,0,0],192.168.5.207,(1443032540,769174000,0),benign
[0,0,0,0,0,1,0,0,0,0,0,0,0,0,0,1,0,0,0,0,0,0,0],192.168.5.208,(1443032540,775355000,0),benign
[0,0,0,0,0,2,0,0,0,0,0,0,0,0,0,1,0,0,0,0,0,0,0],192.168.5.209,(1443032540,806883000,0),benign
[0,0,0,0,0,1,0,0,0,0,0,0,0,0,0,1,0,0,0,0,0,0,0],192.168.6.200,(1443032540,808815000,0),benign
[0,0,0,0,0,1,0,0,0,0,0,0,0,0,0,1,0,0,0,0,0,0,0],192.168.6.202,(1443032540,752382000,0),benign
[0,0,0,0,0,2,0,0,0,0,0,0,0,0,0,1,0,0,0,0,0,0,0],192.168.6.203,(1443032540,807761000,0),benign
[0,0,0,0,0,0,0,0,0,0,0,0,0,0,0,0,0,0,0,0,0,0,0],192.168.6.204,(1443032540,761030000,0),benign
[0,0,0,0,0,1,0,0,0,0,0,0,0,0,0,1,0,0,0,0,0,0,0],192.168.6.205,(1443032540,794943000,0),benign
[0,0,0,0,0,0,0,0,0,0,0,0,0,0,0,0,0,0,0,0,0,0,0],192.168.5.160,(1443032540,809127000,0),benign
[0,0,0,0,0,2,0,0,0,0,0,0,0,0,0,1,0,0,0,0,0,0,0],192.168.6.206,(1443032540,792845000,0),benign
[0,0,0,0,0,0,0,0,0,0,0,0,0,0,0,0,0,0,0,0,0,0,0],192.168.5.161,(1443032540,767985000,0),benign
[0,0,0,0,0,1,0,0,0,0,0,0,0,0,0,1,0,0,0,0,0,0,0],192.168.6.207,(1443032540,751610000,0),benign
[0,0,0,0,0,0,0,0,0,0,0,0,0,0,0,0,0,0,0,0,0,0,0],192.168.5.162,(1443032540,781750000,0),benign
[0,0,0,0,0,0,0,0,0,0,0,0,0,0,0,0,0,0,0,0,0,0,0],192.168.6.208,(1443032540,810221000,0),benign
[0,0,0,0,0,0,0,0,0,0,0,0,0,0,0,0,0,0,0,0,0,0,0],192.168.5.163,(1443032540,783616000,0),benign
[0,0,0,0,0,2,0,0,0,0,0,0,0,0,0,1,0,0,0,0,0,0,0],192.168.6.209,(1443032540,815233000,0),benign
[0,0,0,0,0,0,0,0,0,0,0,0,0,0,0,0,0,0,0,0,0,0,0],192.168.5.164,(1443032540,803202000,0),benign
[0,0,0,0,0,2,0,0,0,0,0,0,0,0,0,1,0,0,0,0,0,0,0],192.168.5.165,(1443032540,815615000,0),benign
[0,0,0,0,0,1,0,0,0,0,0,0,0,0,0,1,0,0,0,0,0,0,0],192.168.5.166,(1443032540,771671000,0),benign
[0,0,0,0,0,0,0,0,0,0,0,0,0,0,0,0,0,0,0,0,0,0,0],192.168.5.167,(1443032540,781172000,0),benign
[0,0,0,0,0,1,0,0,0,0,0,0,0,0,0,1,0,0,0,0,0,0,0],192.168.5.168,(1443032540,754136000,0),benign
[0,0,0,0,0,0,0,0,0,0,0,0,0,0,0,0,0,0,0,0,0,0,0],192.168.7.200,(1443032540,791957000,0),benign
[0,0,0,0,0,0,0,0,0,0,0,0,0,0,0,0,0,0,0,0,0,0,0],192.168.5.169,(1443032540,785442000,0),benign
[0,0,0,0,0,0,0,0,0,0,0,0,0,0,0,0,0,0,0,0,0,0,0],192.168.7.201,(1443032540,814649000,0),benign
[0,0,0,0,0,1,0,0,0,0,0,0,0,0,0,1,0,0,0,0,0,0,0],192.168.7.202,(1443032540,762193000,0),benign
[0,0,0,0,0,1.02564102564103,0,0,0,0,0,0,0,0,0,39,0,0,0,0,0,0,0],192.168.1.1,(1443032540,813510000,0),infected
[0,0,0,0,0,0,0,0,0,0,0,0,0,0,0,0,0,0,0,0,0,0,0],192.168.7.203,(1443032540,781118000,0),benign
[1,1,0,0,0,1.3125,0,0,0,0,0,0,0,0,0,32,0,0,0,0,0,0,0],192.168.1.2,(1443032540,814728000,0),infected
[0,0,0,0,0,0,0,0,0,0,0,0,0,0,0,0,0,0,0,0,0,0,0],192.168.7.204,(1443032540,810104000,0),benign
[1,1,0,0,0,1.36,0,0,0,0,0,0,0,0,0,25,0,0,0,0,0,0,0],192.168.1.3,(1443032540,810189000,0),infected
[1,1,0,0,0,1.875,0,0,0,0,0,0,0,0,0,24,0,0,0,0,0,0,0],192.168.1.4,(1443032540,814899000,0),infected
[0,0,0,0,0,1,0,0,0,0,0,0,0,0,0,1,0,0,0,0,0,0,0],192.168.6.160,(1443032540,807741000,0),benign
[0,0,0,0,0,1,0,0,0,0,0,0,0,0,0,1,0,0,0,0,0,0,0],192.168.7.206,(1443032540,770496000,0),benign
[0,0,0,0,0,1.73913043478261,0,0,0,0,0,0,0,0,0,23,0,0,0,0,0,0,0],192.168.1.5,(1443032540,812393000,0),infected
[0,0,0,0,0,0,0,0,0,0,0,0,0,0,0,0,0,0,0,0,0,0,0],192.168.6.161,(1443032540,806935000,0),benign
[0,0,0,0,0,1,0,0,0,0,0,0,0,0,0,1,0,0,0,0,0,0,0],192.168.7.207,(1443032540,780396000,0),benign
[0,0,0,0,0,1.76,0,0,0,0,0,0,0,0,0,25,0,0,0,0,0,0,0],192.168.1.6,(1443032540,815636000,0),infected
[0,0,0,0,0,2,0,0,0,0,0,0,0,0,0,1,0,0,0,0,0,0,0],192.168.6.162,(1443032540,796846000,0),benign
[0,0,0,0,0,0,0,0,0,0,0,0,0,0,0,0,0,0,0,0,0,0,0],192.168.7.208,(1443032540,778639000,0),benign
[0,0,0,0,0,2,0,0,0,0,0,0,0,0,0,23,0,0,0,0,0,0,0],192.168.1.7,(1443032540,814882000,0),infected
[0,0,0,0,0,2,0,0,0,0,0,0,0,0,0,1,0,0,0,0,0,0,0],192.168.7.209,(1443032540,780709000,0),benign
[1,1,0,0,0,2.375,0,0,0,0,0,0,0,0,0,16,0,0,0,0,0,0,0],192.168.1.8,(1443032540,815426000,0),infected
[0,0,0,0,0,0,0,0,0,0,0,0,0,0,0,0,0,0,0,0,0,0,0],192.168.5.80,(1443032540,806160000,0),benign
[0,0,0,0,0,1,0,0,0,0,0,0,0,0,0,1,0,0,0,0,0,0,0],192.168.6.164,(1443032540,810717000,0),benign
[0,0,0,0,0,1,0,0,0,0,0,0,0,0,0,1,0,0,0,0,0,0,0],192.168.5.81,(1443032540,799983000,0),benign
[1,1,0,0,0,3.15384615384615,0,0,0,0,0,0,0,0,0,13,0,0,0,0,0,0,0],192.168.1.9,(1443032540,814407000,0),infected
[0,0,0,0,0,0,0,0,0,0,0,0,0,0,0,0,0,0,0,0,0,0,0],192.168.5.82,(1443032540,814785000,0),benign
[0,0,0,0,0,1,0,0,0,0,0,0,0,0,0,1,0,0,0,0,0,0,0],192.168.6.165,(1443032540,773108000,0),benign
[0,0,0,0,0,0,0,0,0,0,0,0,0,0,0,0,0,0,0,0,0,0,0],192.168.5.83,(1443032540,795237000,0),benign
[0,0,0,0,0,0,0,0,0,0,0,0,0,0,0,0,0,0,0,0,0,0,0],192.168.6.166,(1443032540,783999000,0),benign
[0,0,0,0,0,0,0,0,0,0,0,0,0,0,0,0,0,0,0,0,0,0,0],192.168.6.167,(1443032540,770789000,0),benign
[0,0,0,0,0,0,0,0,0,0,0,0,0,0,0,0,0,0,0,0,0,0,0],192.168.5.84,(1443032540,748894000,0),benign
[0,0,0,0,0,2,0,0,0,0,0,0,0,0,0,1,0,0,0,0,0,0,0],192.168.6.168,(1443032540,807032000,0),benign
[0,0,0,0,0,0,0,0,0,0,0,0,0,0,0,0,0,0,0,0,0,0,0],192.168.5.85,(1443032540,746446000,0),benign
[0,0,0,0,0,0,0,0,0,0,0,0,0,0,0,0,0,0,0,0,0,0,0],192.168.6.169,(1443032540,814710000,0),benign
[0,0,0,0,0,2,0,0,0,0,0,0,0,0,0,1,0,0,0,0,0,0,0],192.168.5.86,(1443032540,807313000,0),benign
[0,0,0,0,0,0,0,0,0,0,0,0,0,0,0,0,0,0,0,0,0,0,0],192.168.5.87,(1443032540,766558000,0),benign
[0,0,0,0,0,1,0,0,0,0,0,0,0,0,0,1,0,0,0,0,0,0,0],192.168.5.88,(1443032540,770623000,0),benign
[0,0,0,0,0,2,0,0,0,0,0,0,0,0,0,1,0,0,0,0,0,0,0],192.168.5.89,(1443032540,799805000,0),benign
[0,0,0,0,0,0,0,0,0,0,0,0,0,0,0,0,0,0,0,0,0,0,0],192.168.7.160,(1443032540,815697000,0),benign
[0,0,0,0,0,2,0,0,0,0,0,0,0,0,0,1,0,0,0,0,0,0,0],192.168.7.161,(1443032540,766259000,0),benign
[0,0,0,0,0,0,0,0,0,0,0,0,0,0,0,0,0,0,0,0,0,0,0],192.168.7.162,(1443032540,785784000,0),benign
[0,0,0,0,0,2,0,0,0,0,0,0,0,0,0,1,0,0,0,0,0,0,0],192.168.7.163,(1443032540,806533000,0),benign
[0,0,0,0,0,0,0,0,0,0,0,0,0,0,0,0,0,0,0,0,0,0,0],192.168.7.164,(1443032540,800065000,0),benign
[0,0,0,0,0,1,0,0,0,0,0,0,0,0,0,2,0,0,0,0,0,0,0],192.168.7.165,(1443032540,776386000,0),benign
[0,0,0,0,0,0,0,0,0,0,0,0,0,0,0,0,0,0,0,0,0,0,0],192.168.7.166,(1443032540,769410000,0),benign
[0,0,0,0,0,2,0,0,0,0,0,0,0,0,0,1,0,0,0,0,0,0,0],192.168.7.167,(1443032540,787982000,0),benign
[0,0,0,0,0,0,0,0,0,0,0,0,0,0,0,0,0,0,0,0,0,0,0],192.168.7.168,(1443032540,813670000,0),benign
[0,0,0,0,0,1,0,0,0,0,0,0,0,0,0,2,0,0,0,0,0,0,0],192.168.6.70,(1443032540,809517000,0),benign
[0,0,0,0,0,0,0,0,0,0,0,0,0,0,0,0,0,0,0,0,0,0,0],192.168.6.71,(1443032540,760764000,0),benign
[0,0,0,0,0,0,0,0,0,0,0,0,0,0,0,0,0,0,0,0,0,0,0],192.168.7.169,(1443032540,749869000,0),benign
[0,0,0,0,0,0,0,0,0,0,0,0,0,0,0,0,0,0,0,0,0,0,0],192.168.6.72,(1443032540,778726000,0),benign
[0,0,0,0,0,1,0,0,0,0,0,0,0,0,0,2,0,0,0,0,0,0,0],192.168.6.73,(1443032540,792025000,0),benign
[0,0,0,0,0,0,0,0,0,0,0,0,0,0,0,0,0,0,0,0,0,0,0],192.168.6.74,(1443032540,805458000,0),benign
[0,0,0,0,0,0,0,0,0,0,0,0,0,0,0,0,0,0,0,0,0,0,0],192.168.6.75,(1443032540,813985000,0),benign
[0,0,0,0,0,0,0,0,0,0,0,0,0,0,0,0,0,0,0,0,0,0,0],192.168.6.76,(1443032540,758529000,0),benign
[0,0,0,0,0,0,0,0,0,0,0,0,0,0,0,0,0,0,0,0,0,0,0],192.168.6.77,(1443032540,784542000,0),benign
[0,0,0,0,0,0,0,0,0,0,0,0,0,0,0,0,0,0,0,0,0,0,0],192.168.6.78,(1443032540,746230000,0),benign
[0,0,0,0,0,1,0,0,0,0,0,0,0,0,0,1,0,0,0,0,0,0,0],192.168.6.79,(1443032540,799581000,0),benign
[0,0,0,0,0,2,0,0,0,0,0,0,0,0,0,1,0,0,0,0,0,0,0],192.168.5.100,(1443032540,788615000,0),benign
[0,0,0,0,0,0,0,0,0,0,0,0,0,0,0,0,0,0,0,0,0,0,0],192.168.5.101,(1443032540,784076000,0),benign
[0,0,0,0,0,0,0,0,0,0,0,0,0,0,0,0,0,0,0,0,0,0,0],192.168.5.102,(1443032540,783334000,0),benign
[0,0,0,0,0,0,0,0,0,0,0,0,0,0,0,0,0,0,0,0,0,0,0],192.168.5.103,(1443032540,803494000,0),benign
[0,0,0,0,0,0,0,0,0,0,0,0,0,0,0,0,0,0,0,0,0,0,0],192.168.5.104,(1443032540,788536000,0),benign
[0,0,0,0,0,1,0,0,0,0,0,0,0,0,0,1,0,0,0,0,0,0,0],192.168.7.61,(1443032540,748158000,0),benign
[0,0,0,0,0,1,0,0,0,0,0,0,0,0,0,1,0,0,0,0,0,0,0],192.168.5.105,(1443032540,807223000,0),benign
[0,0,0,0,0,2,0,0,0,0,0,0,0,0,0,1,0,0,0,0,0,0,0],192.168.5.106,(1443032540,806825000,0),benign
[0,0,0,0,0,2,0,0,0,0,0,0,0,0,0,1,0,0,0,0,0,0,0],192.168.7.64,(1443032540,765707000,0),benign
[0,0,0,0,0,1,0,0,0,0,0,0,0,0,0,2,0,0,0,0,0,0,0],192.168.5.107,(1443032540,807893000,0),benign
[0,0,0,0,0,1,0,0,0,0,0,0,0,0,0,1,0,0,0,0,0,0,0],192.168.5.108,(1443032540,777122000,0),benign
[0,0,0,0,0,0,0,0,0,0,0,0,0,0,0,0,0,0,0,0,0,0,0],192.168.7.66,(1443032540,797043000,0),benign
[0,0,0,0,0,0,0,0,0,0,0,0,0,0,0,0,0,0,0,0,0,0,0],192.168.5.109,(1443032540,791859000,0),benign
[0,0,0,0,0,1,0,0,0,0,0,0,0,0,0,2,0,0,0,0,0,0,0],192.168.7.68,(1443032540,761163000,0),benign
[0,0,0,0,0,0,0,0,0,0,0,0,0,0,0,0,0,0,0,0,0,0,0],192.168.7.69,(1443032540,758171000,0),benign
[0,0,0,0,0,0,0,0,0,0,0,0,0,0,0,0,0,0,0,0,0,0,0],192.168.6.100,(1443032540,785217000,0),benign
[0,0,0,0,0,1,0,0,0,0,0,0,0,0,0,1,0,0,0,0,0,0,0],192.168.6.101,(1443032540,796547000,0),benign
[0,0,0,0,0,0,0,0,0,0,0,0,0,0,0,0,0,0,0,0,0,0,0],192.168.6.102,(1443032540,781542000,0),benign
[0,0,0,0,0,0,0,0,0,0,0,0,0,0,0,0,0,0,0,0,0,0,0],192.168.5.20,(1443032540,752897000,0),benign
[0,0,0,0,0,0,0,0,0,0,0,0,0,0,0,0,0,0,0,0,0,0,0],192.168.6.103,(1443032540,749522000,0),benign
[0,0,0,0,0,2,0,0,0,0,0,0,0,0,0,1,0,0,0,0,0,0,0],192.168.5.21,(1443032540,794809000,0),benign
[0,0,0,0,0,0,0,0,0,0,0,0,0,0,0,0,0,0,0,0,0,0,0],192.168.6.105,(1443032540,810538000,0),benign
[0,0,0,0,0,0,0,0,0,0,0,0,0,0,0,0,0,0,0,0,0,0,0],192.168.5.22,(1443032540,762955000,0),benign
[0,0,0,0,0,0,0,0,0,0,0,0,0,0,0,0,0,0,0,0,0,0,0],192.168.6.106,(1443032540,755006000,0),benign
[0,0,0,0,0,0,0,0,0,0,0,0,0,0,0,0,0,0,0,0,0,0,0],192.168.5.24,(1443032540,795099000,0),benign
[0,0,0,0,0,1,0,0,0,0,0,0,0,0,0,1,0,0,0,0,0,0,0],192.168.6.107,(1443032540,774466000,0),benign
[0,0,0,0,0,0,0,0,0,0,0,0,0,0,0,0,0,0,0,0,0,0,0],192.168.5.25,(1443032540,775101000,0),benign
[0,0,0,0,0,2,0,0,0,0,0,0,0,0,0,1,0,0,0,0,0,0,0],192.168.6.108,(1443032540,815468000,0),benign
[0,0,0,0,0,1,0,0,0,0,0,0,0,0,0,1,0,0,0,0,0,0,0],192.168.5.26,(1443032540,771275000,0),benign
[0,0,0,0,0,0,0,0,0,0,0,0,0,0,0,0,0,0,0,0,0,0,0],192.168.6.109,(1443032540,772420000,0),benign
[0,0,0,0,0,1,0,0,0,0,0,0,0,0,0,1,0,0,0,0,0,0,0],192.168.5.28,(1443032540,810622000,0),benign
[0,0,0,0,0,0,0,0,0,0,0,0,0,0,0,0,0,0,0,0,0,0,0],192.168.5.29,(1443032540,781037000,0),benign
[0,0,0,0,0,0,0,0,0,0,0,0,0,0,0,0,0,0,0,0,0,0,0],192.168.7.101,(1443032540,763099000,0),benign
[0,0,0,0,0,0,0,0,0,0,0,0,0,0,0,0,0,0,0,0,0,0,0],192.168.7.103,(1443032540,777229000,0),benign
[0,0,0,0,0,1,0,0,0,0,0,0,0,0,0,1,0,0,0,0,0,0,0],192.168.7.104,(1443032540,813610000,0),benign
[0,0,0,0,0,0,0,0,0,0,0,0,0,0,0,0,0,0,0,0,0,0,0],192.168.7.105,(1443032540,755132000,0),benign
[0,0,0,0,0,0,0,0,0,0,0,0,0,0,0,0,0,0,0,0,0,0,0],192.168.7.106,(1443032540,778919000,0),benign
[0,0,0,0,0,0,0,0,0,0,0,0,0,0,0,0,0,0,0,0,0,0,0],192.168.7.107,(1443032540,746984000,0),benign
[0,0,0,0,0,0,0,0,0,0,0,0,0,0,0,0,0,0,0,0,0,0,0],192.168.7.108,(1443032540,804415000,0),benign
[0,0,0,0,0,0,0,0,0,0,0,0,0,0,0,0,0,0,0,0,0,0,0],192.168.6.10,(1443032540,776550000,0),benign
[0,0,0,0,0,1,0,0,0,0,0,0,0,0,0,1,0,0,0,0,0,0,0],192.168.7.109,(1443032540,795014000,0),benign
[0,0,0,0,0,0,0,0,0,0,0,0,0,0,0,0,0,0,0,0,0,0,0],192.168.6.11,(1443032540,783798000,0),benign
[0,0,0,0,0,0,0,0,0,0,0,0,0,0,0,0,0,0,0,0,0,0,0],192.168.6.12,(1443032540,814468000,0),benign
[0,0,0,0,0,1,0,0,0,0,0,0,0,0,0,1,0,0,0,0,0,0,0],192.168.6.13,(1443032540,775574000,0),benign
[0,0,0,0,0,1,0,0,0,0,0,0,0,0,0,1,0,0,0,0,0,0,0],192.168.6.14,(1443032540,751488000,0),benign
[0,0,0,0,0,0,0,0,0,0,0,0,0,0,0,0,0,0,0,0,0,0,0],192.168.6.15,(1443032540,788051000,0),benign
[0,0,0,0,0,1,0,0,0,0,0,0,0,0,0,1,0,0,0,0,0,0,0],192.168.6.17,(1443032540,760155000,0),benign
[0,0,0,0,0,0,0,0,0,0,0,0,0,0,0,0,0,0,0,0,0,0,0],192.168.6.19,(1443032540,760111000,0),benign
[0,0,0,0,0,0,0,0,0,0,0,0,0,0,0,0,0,0,0,0,0,0,0],192.168.5.210,(1443032540,765632000,0),benign
[0,0,0,0,0,0,0,0,0,0,0,0,0,0,0,0,0,0,0,0,0,0,0],192.168.5.212,(1443032540,811509000,0),benign
[0,0,0,0,0,0,0,0,0,0,0,0,0,0,0,0,0,0,0,0,0,0,0],192.168.5.213,(1443032540,771866000,0),benign
[0,0,0,0,0,0,0,0,0,0,0,0,0,0,0,0,0,0,0,0,0,0,0],192.168.5.214,(1443032540,760092000,0),benign
[0,0,0,0,0,0,0,0,0,0,0,0,0,0,0,0,0,0,0,0,0,0,0],192.168.5.216,(1443032540,809163000,0),benign
[0,0,0,0,0,0,0,0,0,0,0,0,0,0,0,0,0,0,0,0,0,0,0],192.168.5.218,(1443032540,750689000,0),benign
[0,0,0,0,0,0,0,0,0,0,0,0,0,0,0,0,0,0,0,0,0,0,0],192.168.5.219,(1443032540,753105000,0),benign
[0,0,0,0,0,0,0,0,0,0,0,0,0,0,0,0,0,0,0,0,0,0,0],192.168.6.210,(1443032540,785713000,0),benign
[0,0,0,0,0,0,0,0,0,0,0,0,0,0,0,0,0,0,0,0,0,0,0],192.168.6.211,(1443032540,773272000,0),benign
[0,0,0,0,0,2,0,0,0,0,0,0,0,0,0,1,0,0,0,0,0,0,0],192.168.6.212,(1443032540,806806000,0),benign
[0,0,0,0,0,0,0,0,0,0,0,0,0,0,0,0,0,0,0,0,0,0,0],192.168.6.213,(1443032540,773679000,0),benign
[0,0,0,0,0,0,0,0,0,0,0,0,0,0,0,0,0,0,0,0,0,0,0],192.168.6.214,(1443032540,776866000,0),benign
[0,0,0,0,0,2,0,0,0,0,0,0,0,0,0,1,0,0,0,0,0,0,0],192.168.6.215,(1443032540,781378000,0),benign
[0,0,0,0,0,0,0,0,0,0,0,0,0,0,0,0,0,0,0,0,0,0,0],192.168.6.216,(1443032540,765985000,0),benign
[0,0,0,0,0,0,0,0,0,0,0,0,0,0,0,0,0,0,0,0,0,0,0],192.168.5.171,(1443032540,815253000,0),benign
[0,0,0,0,0,1,0,0,0,0,0,0,0,0,0,1,0,0,0,0,0,0,0],192.168.6.217,(1443032540,750539000,0),benign
[0,0,0,0,0,0,0,0,0,0,0,0,0,0,0,0,0,0,0,0,0,0,0],192.168.6.218,(1443032540,779239000,0),benign
[0,0,0,0,0,0,0,0,0,0,0,0,0,0,0,0,0,0,0,0,0,0,0],192.168.5.173,(1443032540,754607000,0),benign
[0,0,0,0,0,0,0,0,0,0,0,0,0,0,0,0,0,0,0,0,0,0,0],192.168.6.219,(1443032540,773838000,0),benign
[0,0,0,0,0,0,0,0,0,0,0,0,0,0,0,0,0,0,0,0,0,0,0],192.168.5.174,(1443032540,778736000,0),benign
[0,0,0,0,0,1,0,0,0,0,0,0,0,0,0,1,0,0,0,0,0,0,0],192.168.5.175,(1443032540,763774000,0),benign
[0,0,0,0,0,1,0,0,0,0,0,0,0,0,0,1,0,0,0,0,0,0,0],192.168.5.176,(1443032540,782253000,0),benign
[0,0,0,0,0,0,0,0,0,0,0,0,0,0,0,0,0,0,0,0,0,0,0],192.168.5.177,(1443032540,785276000,0),benign
[0,0,0,0,0,0,0,0,0,0,0,0,0,0,0,0,0,0,0,0,0,0,0],192.168.5.178,(1443032540,767154000,0),benign
[0,0,0,0,0,0,0,0,0,0,0,0,0,0,0,0,0,0,0,0,0,0,0],192.168.5.179,(1443032540,756434000,0),benign
[0,0,0,0,0,0,0,0,0,0,0,0,0,0,0,0,0,0,0,0,0,0,0],192.168.7.210,(1443032540,785837000,0),benign
[0,0,0,0,0,0,0,0,0,0,0,0,0,0,0,0,0,0,0,0,0,0,0],192.168.7.211,(1443032540,805611000,0),benign
[0,0,0,0,0,0,0,0,0,0,0,0,0,0,0,0,0,0,0,0,0,0,0],192.168.7.212,(1443032540,751103000,0),benign
[0,0,0,0,0,0,0,0,0,0,0,0,0,0,0,0,0,0,0,0,0,0,0],192.168.7.215,(1443032540,771907000,0),benign
[0,0,0,0,0,2,0,0,0,0,0,0,0,0,0,1,0,0,0,0,0,0,0],192.168.7.216,(1443032540,810761000,0),benign
[0,0,0,0,0,0,0,0,0,0,0,0,0,0,0,0,0,0,0,0,0,0,0],192.168.6.170,(1443032540,760048000,0),benign
[0,0,0,0,0,0,0,0,0,0,0,0,0,0,0,0,0,0,0,0,0,0,0],192.168.7.217,(1443032540,802860000,0),benign
[0,0,0,0,0,1,0,0,0,0,0,0,0,0,0,1,0,0,0,0,0,0,0],192.168.6.171,(1443032540,764792000,0),benign
[0,0,0,0,0,0,0,0,0,0,0,0,0,0,0,0,0,0,0,0,0,0,0],192.168.7.218,(1443032540,771848000,0),benign
[0,0,0,0,0,2,0,0,0,0,0,0,0,0,0,1,0,0,0,0,0,0,0],192.168.6.172,(1443032540,808017000,0),benign
[0,0,0,0,0,0,0,0,0,0,0,0,0,0,0,0,0,0,0,0,0,0,0],192.168.6.173,(1443032540,792997000,0),benign
[0,0,0,0,0,0,0,0,0,0,0,0,0,0,0,0,0,0,0,0,0,0,0],192.168.7.219,(1443032540,768227000,0),benign
[0,0,0,0,0,0,0,0,0,0,0,0,0,0,0,0,0,0,0,0,0,0,0],192.168.6.174,(1443032540,782202000,0),benign
[0,0,0,0,0,0,0,0,0,0,0,0,0,0,0,0,0,0,0,0,0,0,0],192.168.5.91,(1443032540,786717000,0),benign
[0,0,0,0,0,2,0,0,0,0,0,0,0,0,0,1,0,0,0,0,0,0,0],192.168.6.175,(1443032540,776877000,0),benign
[0,0,0,0,0,0,0,0,0,0,0,0,0,0,0,0,0,0,0,0,0,0,0],192.168.5.93,(1443032540,810634000,0),benign
[0,0,0,0,0,1,0,0,0,0,0,0,0,0,0,1,0,0,0,0,0,0,0],192.168.6.176,(1443032540,787909000,0),benign
[0,0,0,0,0,0,0,0,0,0,0,0,0,0,0,0,0,0,0,0,0,0,0],192.168.6.177,(1443032540,809436000,0),benign
[0,0,0,0,0,1,0,0,0,0,0,0,0,0,0,1,0,0,0,0,0,0,0],192.168.5.94,(1443032540,775525000,0),benign
[0,0,0,0,0,0,0,0,0,0,0,0,0,0,0,0,0,0,0,0,0,0,0],192.168.5.95,(1443032540,752135000,0),benign
[0,0,0,0,0,0,0,0,0,0,0,0,0,0,0,0,0,0,0,0,0,0,0],192.168.6.178,(1443032540,744577000,0),benign
[0,0,0,0,0,0,0,0,0,0,0,0,0,0,0,0,0,0,0,0,0,0,0],192.168.6.179,(1443032540,811450000,0),benign
[0,0,0,0,0,0,0,0,0,0,0,0,0,0,0,0,0,0,0,0,0,0,0],192.168.5.96,(1443032540,806389000,0),benign
[0,0,0,0,0,0,0,0,0,0,0,0,0,0,0,0,0,0,0,0,0,0,0],192.168.5.99,(1443032540,810806000,0),benign
[0,0,0,0,0,2,0,0,0,0,0,0,0,0,0,1,0,0,0,0,0,0,0],192.168.7.170,(1443032540,800023000,0),benign
[0,0,0,0,0,0,0,0,0,0,0,0,0,0,0,0,0,0,0,0,0,0,0],192.168.7.171,(1443032540,789029000,0),benign
[0,0,0,0,0,0,0,0,0,0,0,0,0,0,0,0,0,0,0,0,0,0,0],192.168.7.172,(1443032540,796990000,0),benign
[0,0,0,0,0,0,0,0,0,0,0,0,0,0,0,0,0,0,0,0,0,0,0],192.168.7.173,(1443032540,776490000,0),benign
[0,0,0,0,0,0,0,0,0,0,0,0,0,0,0,0,0,0,0,0,0,0,0],192.168.7.174,(1443032540,773064000,0),benign
[0,0,0,0,0,0,0,0,0,0,0,0,0,0,0,0,0,0,0,0,0,0,0],192.168.7.175,(1443032540,775046000,0),benign
[0,0,0,0,0,0,0,0,0,0,0,0,0,0,0,0,0,0,0,0,0,0,0],192.168.7.176,(1443032540,758634000,0),benign
[0,0,0,0,0,0,0,0,0,0,0,0,0,0,0,0,0,0,0,0,0,0,0],192.168.7.177,(1443032540,767618000,0),benign
[0,0,0,0,0,0,0,0,0,0,0,0,0,0,0,0,0,0,0,0,0,0,0],192.168.7.178,(1443032540,808917000,0),benign
[0,0,0,0,0,0,0,0,0,0,0,0,0,0,0,0,0,0,0,0,0,0,0],192.168.6.80,(1443032540,750480000,0),benign
[0,0,0,0,0,1,0,0,0,0,0,0,0,0,0,1,0,0,0,0,0,0,0],192.168.6.81,(1443032540,796800000,0),benign
[0,0,0,0,0,2,0,0,0,0,0,0,0,0,0,1,0,0,0,0,0,0,0],192.168.7.179,(1443032540,791655000,0),benign
[0,0,0,0,0,0,0,0,0,0,0,0,0,0,0,0,0,0,0,0,0,0,0],192.168.6.82,(1443032540,803507000,0),benign
[0,0,0,0,0,1,0,0,0,0,0,0,0,0,0,1,0,0,0,0,0,0,0],192.168.6.83,(1443032540,780994000,0),benign
[0,0,0,0,0,0,0,0,0,0,0,0,0,0,0,0,0,0,0,0,0,0,0],192.168.6.84,(1443032540,780719000,0),benign
[0,0,0,0,0,0,0,0,0,0,0,0,0,0,0,0,0,0,0,0,0,0,0],192.168.6.85,(1443032540,813389000,0),benign
[0,0,0,0,0,0,0,0,0,0,0,0,0,0,0,0,0,0,0,0,0,0,0],192.168.6.86,(1443032540,788103000,0),benign
[0,0,0,0,0,0,0,0,0,0,0,0,0,0,0,0,0,0,0,0,0,0,0],192.168.6.87,(1443032540,776365000,0),benign
[0,0,0,0,0,0,0,0,0,0,0,0,0,0,0,0,0,0,0,0,0,0,0],192.168.6.88,(1443032540,763202000,0),benign
[0,0,0,0,0,0,0,0,0,0,0,0,0,0,0,0,0,0,0,0,0,0,0],192.168.6.89,(1443032540,803956000,0),benign
[0,0,0,0,0,9.6,0,0,0,0,0,0,0,0,0,5,0,0,0,0,0,0,0],192.168.1.10,(1443032540,815359000,0),infected
[0,0,0,0,0,2.6,0,0,0,0,0,0,0,0,0,15,0,0,0,0,0,0,0],192.168.1.11,(1443032540,814586000,0),infected
[1,1,0,0,0,4.875,0,0,0,0,0,0,0,0,0,8,0,0,0,0,0,0,0],192.168.1.12,(1443032540,815814000,0),benign
[0,0,0,0,0,4.22222222222222,0,0,0,0,0,0,0,0,0,9,0,0,0,0,0,0,0],192.168.1.13,(1443032540,815078000,0),infected
[1,1,0,0,0,10.25,0,0,0,0,0,0,0,0,0,4,0,0,0,0,0,0,0],192.168.1.14,(1443032540,815510000,0),infected
[0,0,0,0,0,13.3333333333333,0,0,0,0,0,0,0,0,0,3,0,0,0,0,0,0,0],192.168.1.15,(1443032540,815551000,0),infected
[0,0,0,0,0,1,0,0,0,0,0,0,0,0,0,1,0,0,0,0,0,0,0],192.168.5.110,(1443032540,776785000,0),benign
[0,0,0,0,0,0,0,0,0,0,0,0,0,0,0,0,0,0,0,0,0,0,0],192.168.5.111,(1443032540,794849000,0),benign
[0,0,0,0,0,0,0,0,0,0,0,0,0,0,0,0,0,0,0,0,0,0,0],192.168.5.112,(1443032540,783107000,0),benign
[0,0,0,0,0,1,0,0,0,0,0,0,0,0,0,1,0,0,0,0,0,0,0],192.168.5.113,(1443032540,810821000,0),benign
[0,0,0,0,0,0,0,0,0,0,0,0,0,0,0,0,0,0,0,0,0,0,0],192.168.7.70,(1443032540,769349000,0),benign
[0,0,0,0,0,2,0,0,0,0,0,0,0,0,0,1,0,0,0,0,0,0,0],192.168.5.114,(1443032540,779184000,0),benign
[0,0,0,0,0,0,0,0,0,0,0,0,0,0,0,0,0,0,0,0,0,0,0],192.168.7.71,(1443032540,751199000,0),benign
[0,0,0,0,0,0,0,0,0,0,0,0,0,0,0,0,0,0,0,0,0,0,0],192.168.5.115,(1443032540,770537000,0),benign
[0,0,0,0,0,0,0,0,0,0,0,0,0,0,0,0,0,0,0,0,0,0,0],192.168.7.72,(1443032540,746596000,0),benign
[0,0,0,0,0,0,0,0,0,0,0,0,0,0,0,0,0,0,0,0,0,0,0],192.168.7.73,(1443032540,811143000,0),benign
[0,0,0,0,0,0,0,0,0,0,0,0,0,0,0,0,0,0,0,0,0,0,0],192.168.5.116,(1443032540,805150000,0),benign
[0,0,0,0,0,0,0,0,0,0,0,0,0,0,0,0,0,0,0,0,0,0,0],192.168.5.117,(1443032540,779063000,0),benign
[0,0,0,0,0,0,0,0,0,0,0,0,0,0,0,0,0,0,0,0,0,0,0],192.168.7.75,(1443032540,796665000,0),benign
[0,0,0,0,0,0,0,0,0,0,0,0,0,0,0,0,0,0,0,0,0,0,0],192.168.5.118,(1443032540,808505000,0),benign
[0,0,0,0,0,2,0,0,0,0,0,0,0,0,0,1,0,0,0,0,0,0,0],192.168.5.119,(1443032540,762145000,0),benign
[0,0,0,0,0,0,0,0,0,0,0,0,0,0,0,0,0,0,0,0,0,0,0],192.168.7.76,(1443032540,772478000,0),benign
[0,0,0,0,0,0,0,0,0,0,0,0,0,0,0,0,0,0,0,0,0,0,0],192.168.7.77,(1443032540,792399000,0),benign
[0,0,0,0,0,0,0,0,0,0,0,0,0,0,0,0,0,0,0,0,0,0,0],192.168.7.78,(1443032540,788985000,0),benign
[0,0,0,0,0,0,0,0,0,0,0,0,0,0,0,0,0,0,0,0,0,0,0],192.168.7.79,(1443032540,768025000,0),benign
[0,0,0,0,0,0,0,0,0,0,0,0,0,0,0,0,0,0,0,0,0,0,0],192.168.6.110,(1443032540,791871000,0),benign
[0,0,0,0,0,0,0,0,0,0,0,0,0,0,0,0,0,0,0,0,0,0,0],192.168.6.111,(1443032540,784978000,0),benign
[0,0,0,0,0,0,0,0,0,0,0,0,0,0,0,0,0,0,0,0,0,0,0],192.168.6.112,(1443032540,799900000,0),benign
[0,0,0,0,0,2,0,0,0,0,0,0,0,0,0,1,0,0,0,0,0,0,0],192.168.6.113,(1443032540,803760000,0),benign
[0,0,0,0,0,0,0,0,0,0,0,0,0,0,0,0,0,0,0,0,0,0,0],192.168.5.31,(1443032540,755833000,0),benign
[0,0,0,0,0,0,0,0,0,0,0,0,0,0,0,0,0,0,0,0,0,0,0],192.168.6.114,(1443032540,757017000,0),benign
[0,0,0,0,0,0,0,0,0,0,0,0,0,0,0,0,0,0,0,0,0,0,0],192.168.5.32,(1443032540,813905000,0),benign
[0,0,0,0,0,0,0,0,0,0,0,0,0,0,0,0,0,0,0,0,0,0,0],192.168.6.115,(1443032540,767558000,0),benign
[0,0,0,0,0,0,0,0,0,0,0,0,0,0,0,0,0,0,0,0,0,0,0],192.168.6.116,(1443032540,805072000,0),benign
[0,0,0,0,0,0,0,0,0,0,0,0,0,0,0,0,0,0,0,0,0,0,0],192.168.5.34,(1443032540,745848000,0),benign
[0,0,0,0,0,0,0,0,0,0,0,0,0,0,0,0,0,0,0,0,0,0,0],192.168.6.117,(1443032540,757825000,0),benign
[0,0,0,0,0,1,0,0,0,0,0,0,0,0,0,1,0,0,0,0,0,0,0],192.168.5.35,(1443032540,772701000,0),benign
[0,0,0,0,0,0,0,0,0,0,0,0,0,0,0,0,0,0,0,0,0,0,0],192.168.6.118,(1443032540,750969000,0),benign
[0,0,0,0,0,1,0,0,0,0,0,0,0,0,0,1,0,0,0,0,0,0,0],192.168.5.36,(1443032540,792912000,0),benign
[0,0,0,0,0,0,0,0,0,0,0,0,0,0,0,0,0,0,0,0,0,0,0],192.168.6.119,(1443032540,749480000,0),benign
[0,0,0,0,0,0,0,0,0,0,0,0,0,0,0,0,0,0,0,0,0,0,0],192.168.5.37,(1443032540,771230000,0),benign
[0,0,0,0,0,0,0,0,0,0,0,0,0,0,0,0,0,0,0,0,0,0,0],192.168.5.38,(1443032540,809574000,0),benign
[0,0,0,0,0,0,0,0,0,0,0,0,0,0,0,0,0,0,0,0,0,0,0],192.168.5.39,(1443032540,754868000,0),benign
[0,0,0,0,0,0,0,0,0,0,0,0,0,0,0,0,0,0,0,0,0,0,0],192.168.7.110,(1443032540,781214000,0),benign
[0,0,0,0,0,1,0,0,0,0,0,0,0,0,0,1,0,0,0,0,0,0,0],192.168.7.111,(1443032540,751029000,0),benign
[0,0,0,0,0,0,0,0,0,0,0,0,0,0,0,0,0,0,0,0,0,0,0],192.168.7.112,(1443032540,807535000,0),benign
[0,0,0,0,0,0,0,0,0,0,0,0,0,0,0,0,0,0,0,0,0,0,0],192.168.7.113,(1443032540,780604000,0),benign
[0,0,0,0,0,0,0,0,0,0,0,0,0,0,0,0,0,0,0,0,0,0,0],192.168.7.114,(1443032540,813866000,0),benign
[0,0,0,0,0,0,0,0,0,0,0,0,0,0,0,0,0,0,0,0,0,0,0],192.168.7.115,(1443032540,791467000,0),benign
[0,0,0,0,0,0,0,0,0,0,0,0,0,0,0,0,0,0,0,0,0,0,0],192.168.7.116,(1443032540,786292000,0),benign
[0,0,0,0,0,0,0,0,0,0,0,0,0,0,0,0,0,0,0,0,0,0,0],192.168.7.117,(1443032540,786466000,0),benign
[0,0,0,0,0,0,0,0,0,0,0,0,0,0,0,0,0,0,0,0,0,0,0],192.168.7.118,(1443032540,794474000,0),benign
[0,0,0,0,0,0,0,0,0,0,0,0,0,0,0,0,0,0,0,0,0,0,0],192.168.6.20,(1443032540,761770000,0),benign
[0,0,0,0,0,0,0,0,0,0,0,0,0,0,0,0,0,0,0,0,0,0,0],192.168.6.21,(1443032540,787144000,0),benign
[0,0,0,0,0,2,0,0,0,0,0,0,0,0,0,1,0,0,0,0,0,0,0],192.168.7.119,(1443032540,765649000,0),benign
[0,0,0,0,0,2,0,0,0,0,0,0,0,0,0,1,0,0,0,0,0,0,0],192.168.6.22,(1443032540,809043000,0),benign
[0,0,0,0,0,0,0,0,0,0,0,0,0,0,0,0,0,0,0,0,0,0,0],192.168.6.23,(1443032540,746370000,0),benign
[0,0,0,0,0,0,0,0,0,0,0,0,0,0,0,0,0,0,0,0,0,0,0],192.168.6.24,(1443032540,768513000,0),benign
[0,0,0,0,0,0,0,0,0,0,0,0,0,0,0,0,0,0,0,0,0,0,0],192.168.6.25,(1443032540,779003000,0),benign
[0,0,0,0,0,0,0,0,0,0,0,0,0,0,0,0,0,0,0,0,0,0,0],192.168.6.26,(1443032540,784465000,0),benign
[0,0,0,0,0,0,0,0,0,0,0,0,0,0,0,0,0,0,0,0,0,0,0],192.168.6.27,(1443032540,814607000,0),benign
[0,0,0,0,0,0,0,0,0,0,0,0,0,0,0,0,0,0,0,0,0,0,0],192.168.6.28,(1443032540,776743000,0),benign
[0,0,0,0,0,0,0,0,0,0,0,0,0,0,0,0,0,0,0,0,0,0,0],192.168.5.221,(1443032540,750464000,0),benign
[0,0,0,0,0,0,0,0,0,0,0,0,0,0,0,0,0,0,0,0,0,0,0],192.168.5.222,(1443032540,803146000,0),benign
[0,0,0,0,0,1,0,0,0,0,0,0,0,0,0,1,0,0,0,0,0,0,0],192.168.5.223,(1443032540,764391000,0),benign
[0,0,0,0,0,1,0,0,0,0,0,0,0,0,0,1,0,0,0,0,0,0,0],192.168.5.224,(1443032540,761712000,0),benign
[0,0,0,0,0,0,0,0,0,0,0,0,0,0,0,0,0,0,0,0,0,0,0],192.168.5.225,(1443032540,788853000,0),benign
[0,0,0,0,0,1,0,0,0,0,0,0,0,0,0,1,0,0,0,0,0,0,0],192.168.7.10,(1443032540,787094000,0),benign
[0,0,0,0,0,0,0,0,0,0,0,0,0,0,0,0,0,0,0,0,0,0,0],192.168.5.226,(1443032540,772023000,0),benign
[0,0,0,0,0,0,0,0,0,0,0,0,0,0,0,0,0,0,0,0,0,0,0],192.168.5.227,(1443032540,803246000,0),benign
[0,0,0,0,0,0,0,0,0,0,0,0,0,0,0,0,0,0,0,0,0,0,0],192.168.7.11,(1443032540,754669000,0),benign
[0,0,0,0,0,1,0,0,0,0,0,0,0,0,0,1,0,0,0,0,0,0,0],192.168.5.228,(1443032540,794892000,0),benign
[0,0,0,0,0,0,0,0,0,0,0,0,0,0,0,0,0,0,0,0,0,0,0],192.168.7.12,(1443032540,768721000,0),benign
[0,0,0,0,0,0,0,0,0,0,0,0,0,0,0,0,0,0,0,0,0,0,0],192.168.5.229,(1443032540,765060000,0),benign
[0,0,0,0,0,0,0,0,0,0,0,0,0,0,0,0,0,0,0,0,0,0,0],192.168.7.13,(1443032540,768920000,0),benign
[0,0,0,0,0,1,0,0,0,0,0,0,0,0,0,1,0,0,0,0,0,0,0],192.168.7.14,(1443032540,787789000,0),benign
[0,0,0,0,0,0,0,0,0,0,0,0,0,0,0,0,0,0,0,0,0,0,0],192.168.7.15,(1443032540,747883000,0),benign
[0,0,0,0,0,0,0,0,0,0,0,0,0,0,0,0,0,0,0,0,0,0,0],192.168.7.16,(1443032540,809747000,0),benign
[0,0,0,0,0,2,0,0,0,0,0,0,0,0,0,1,0,0,0,0,0,0,0],192.168.7.17,(1443032540,785606000,0),benign
[0,0,0,0,0,2,0,0,0,0,0,0,0,0,0,1,0,0,0,0,0,0,0],192.168.7.19,(1443032540,813628000,0),benign
[0,0,0,0,0,0,0,0,0,0,0,0,0,0,0,0,0,0,0,0,0,0,0],192.168.6.220,(1443032540,812513000,0),benign
[0,0,0,0,0,0,0,0,0,0,0,0,0,0,0,0,0,0,0,0,0,0,0],192.168.6.221,(1443032540,806865000,0),benign
[0,0,0,0,0,0,0,0,0,0,0,0,0,0,0,0,0,0,0,0,0,0,0],192.168.6.222,(1443032540,761886000,0),benign
[0,0,0,0,0,0,0,0,0,0,0,0,0,0,0,0,0,0,0,0,0,0,0],192.168.6.223,(1443032540,774080000,0),benign
[0,0,0,0,0,0,0,0,0,0,0,0,0,0,0,0,0,0,0,0,0,0,0],192.168.6.225,(1443032540,752317000,0),benign
[0,0,0,0,0,0,0,0,0,0,0,0,0,0,0,0,0,0,0,0,0,0,0],192.168.6.226,(1443032540,757195000,0),benign
[0,0,0,0,0,0,0,0,0,0,0,0,0,0,0,0,0,0,0,0,0,0,0],192.168.5.180,(1443032540,774536000,0),benign
[0,0,0,0,0,0,0,0,0,0,0,0,0,0,0,0,0,0,0,0,0,0,0],192.168.5.181,(1443032540,783858000,0),benign
[0,0,0,0,0,0,0,0,0,0,0,0,0,0,0,0,0,0,0,0,0,0,0],192.168.6.227,(1443032540,754313000,0),benign
[0,0,0,0,0,0,0,0,0,0,0,0,0,0,0,0,0,0,0,0,0,0,0],192.168.5.182,(1443032540,807596000,0),benign
[0,0,0,0,0,0,0,0,0,0,0,0,0,0,0,0,0,0,0,0,0,0,0],192.168.6.228,(1443032540,769624000,0),benign
[0,0,0,0,0,1,0,0,0,0,0,0,0,0,0,1,0,0,0,0,0,0,0],192.168.5.183,(1443032540,802972000,0),benign
[0,0,0,0,0,1,0,0,0,0,0,0,0,0,0,1,0,0,0,0,0,0,0],192.168.6.229,(1443032540,796954000,0),benign
[0,0,0,0,0,0,0,0,0,0,0,0,0,0,0,0,0,0,0,0,0,0,0],192.168.5.184,(1443032540,774390000,0),benign
[0,0,0,0,0,0,0,0,0,0,0,0,0,0,0,0,0,0,0,0,0,0,0],192.168.5.185,(1443032540,809484000,0),benign
[0,0,0,0,0,0,0,0,0,0,0,0,0,0,0,0,0,0,0,0,0,0,0],192.168.5.186,(1443032540,808202000,0),benign
[0,0,0,0,0,0,0,0,0,0,0,0,0,0,0,0,0,0,0,0,0,0,0],192.168.5.187,(1443032540,780899000,0),benign
[0,0,0,0,0,0,0,0,0,0,0,0,0,0,0,0,0,0,0,0,0,0,0],192.168.5.188,(1443032540,810118000,0),benign
[0,0,0,0,0,0,0,0,0,0,0,0,0,0,0,0,0,0,0,0,0,0,0],192.168.5.189,(1443032540,813321000,0),benign
[0,0,0,0,0,1,0,0,0,0,0,0,0,0,0,1,0,0,0,0,0,0,0],192.168.7.221,(1443032540,780512000,0),benign
[0,0,0,0,0,0,0,0,0,0,0,0,0,0,0,0,0,0,0,0,0,0,0],192.168.7.222,(1443032540,759022000,0),benign
[0,0,0,0,0,0,0,0,0,0,0,0,0,0,0,0,0,0,0,0,0,0,0],192.168.7.223,(1443032540,804533000,0),benign
[0,0,0,0,0,0,0,0,0,0,0,0,0,0,0,0,0,0,0,0,0,0,0],192.168.7.224,(1443032540,786040000,0),benign
[0,0,0,0,0,0,0,0,0,0,0,0,0,0,0,0,0,0,0,0,0,0,0],192.168.7.225,(1443032540,758694000,0),benign
[0,0,0,0,0,0,0,0,0,0,0,0,0,0,0,0,0,0,0,0,0,0,0],192.168.7.226,(1443032540,788748000,0),benign
[0,0,0,0,0,0,0,0,0,0,0,0,0,0,0,0,0,0,0,0,0,0,0],192.168.7.227,(1443032540,787630000,0),benign
[0,0,0,0,0,0,0,0,0,0,0,0,0,0,0,0,0,0,0,0,0,0,0],192.168.6.181,(1443032540,779108000,0),benign
[0,0,0,0,0,0,0,0,0,0,0,0,0,0,0,0,0,0,0,0,0,0,0],192.168.6.182,(1443032540,788028000,0),benign
[0,0,0,0,0,0,0,0,0,0,0,0,0,0,0,0,0,0,0,0,0,0,0],192.168.6.183,(1443032540,775092000,0),benign
[0,0,0,0,0,0,0,0,0,0,0,0,0,0,0,0,0,0,0,0,0,0,0],192.168.7.229,(1443032540,784253000,0),benign
[0,0,0,0,0,0,0,0,0,0,0,0,0,0,0,0,0,0,0,0,0,0,0],192.168.6.185,(1443032540,773131000,0),benign
[0,0,0,0,0,0,0,0,0,0,0,0,0,0,0,0,0,0,0,0,0,0,0],192.168.6.186,(1443032540,786173000,0),benign
[0,0,0,0,0,2,0,0,0,0,0,0,0,0,0,1,0,0,0,0,0,0,0],192.168.6.187,(1443032540,791817000,0),benign
[0,0,0,0,0,0,0,0,0,0,0,0,0,0,0,0,0,0,0,0,0,0,0],192.168.6.188,(1443032540,813173000,0),benign
[0,0,0,0,0,0,0,0,0,0,0,0,0,0,0,0,0,0,0,0,0,0,0],192.168.6.189,(1443032540,770027000,0),benign
[0,0,0,0,0,0,0,0,0,0,0,0,0,0,0,0,0,0,0,0,0,0,0],192.168.7.180,(1443032540,809607000,0),benign
[0,0,0,0,0,0,0,0,0,0,0,0,0,0,0,0,0,0,0,0,0,0,0],192.168.7.182,(1443032540,786350000,0),benign
[0,0,0,0,0,0,0,0,0,0,0,0,0,0,0,0,0,0,0,0,0,0,0],192.168.7.183,(1443032540,812531000,0),benign
[0,0,0,0,0,0,0,0,0,0,0,0,0,0,0,0,0,0,0,0,0,0,0],192.168.7.184,(1443032540,811496000,0),benign
[0,0,0,0,0,0,0,0,0,0,0,0,0,0,0,0,0,0,0,0,0,0,0],192.168.7.185,(1443032540,758841000,0),benign
[0,0,0,0,0,0,0,0,0,0,0,0,0,0,0,0,0,0,0,0,0,0,0],192.168.7.186,(1443032540,789017000,0),benign
[0,0,0,0,0,0,0,0,0,0,0,0,0,0,0,0,0,0,0,0,0,0,0],192.168.7.187,(1443032540,762625000,0),benign
[0,0,0,0,0,0,0,0,0,0,0,0,0,0,0,0,0,0,0,0,0,0,0],192.168.7.188,(1443032540,806200000,0),benign
[0,0,0,0,0,0,0,0,0,0,0,0,0,0,0,0,0,0,0,0,0,0,0],192.168.6.90,(1443032540,765120000,0),benign
[0,0,0,0,0,0,0,0,0,0,0,0,0,0,0,0,0,0,0,0,0,0,0],192.168.7.189,(1443032540,810944000,0),benign
[0,0,0,0,0,1,0,0,0,0,0,0,0,0,0,1,0,0,0,0,0,0,0],192.168.6.92,(1443032540,767945000,0),benign
[0,0,0,0,0,0,0,0,0,0,0,0,0,0,0,0,0,0,0,0,0,0,0],192.168.6.95,(1443032540,807284000,0),benign
[0,0,0,0,0,0,0,0,0,0,0,0,0,0,0,0,0,0,0,0,0,0,0],192.168.6.96,(1443032540,758044000,0),benign
[0,0,0,0,0,0,0,0,0,0,0,0,0,0,0,0,0,0,0,0,0,0,0],192.168.6.98,(1443032540,760968000,0),benign
[0,0,0,0,0,0,0,0,0,0,0,0,0,0,0,0,0,0,0,0,0,0,0],192.168.6.99,(1443032540,813690000,0),benign
[0,0,0,0,0,0,0,0,0,0,0,0,0,0,0,0,0,0,0,0,0,0,0],192.168.5.120,(1443032540,812199000,0),benign
[0,0,0,0,0,0,0,0,0,0,0,0,0,0,0,0,0,0,0,0,0,0,0],192.168.5.121,(1443032540,759084000,0),benign
[0,0,0,0,0,0,0,0,0,0,0,0,0,0,0,0,0,0,0,0,0,0,0],192.168.5.122,(1443032540,755422000,0),benign
[0,0,0,0,0,2,0,0,0,0,0,0,0,0,0,1,0,0,0,0,0,0,0],192.168.7.80,(1443032540,792000000,0),benign
[0,0,0,0,0,0,0,0,0,0,0,0,0,0,0,0,0,0,0,0,0,0,0],192.168.5.123,(1443032540,747312000,0),benign
[0,0,0,0,0,0,0,0,0,0,0,0,0,0,0,0,0,0,0,0,0,0,0],192.168.7.81,(1443032540,787695000,0),benign
[0,0,0,0,0,0,0,0,0,0,0,0,0,0,0,0,0,0,0,0,0,0,0],192.168.5.124,(1443032540,755850000,0),benign
[0,0,0,0,0,0,0,0,0,0,0,0,0,0,0,0,0,0,0,0,0,0,0],192.168.7.82,(1443032540,757361000,0),benign
[0,0,0,0,0,2,0,0,0,0,0,0,0,0,0,1,0,0,0,0,0,0,0],192.168.5.125,(1443032540,785141000,0),benign
[0,0,0,0,0,0,0,0,0,0,0,0,0,0,0,0,0,0,0,0,0,0,0],192.168.5.126,(1443032540,773655000,0),benign
[0,0,0,0,0,1,0,0,0,0,0,0,0,0,0,1,0,0,0,0,0,0,0],192.168.5.127,(1443032540,808667000,0),benign
[0,0,0,0,0,0,0,0,0,0,0,0,0,0,0,0,0,0,0,0,0,0,0],192.168.7.85,(1443032540,813450000,0),benign
[0,0,0,0,0,0,0,0,0,0,0,0,0,0,0,0,0,0,0,0,0,0,0],192.168.5.128,(1443032540,810729000,0),benign
[0,0,0,0,0,0,0,0,0,0,0,0,0,0,0,0,0,0,0,0,0,0,0],192.168.7.86,(1443032540,783193000,0),benign
[0,0,0,0,0,0,0,0,0,0,0,0,0,0,0,0,0,0,0,0,0,0,0],192.168.5.129,(1443032540,748772000,0),benign
[0,0,0,0,0,0,0,0,0,0,0,0,0,0,0,0,0,0,0,0,0,0,0],192.168.7.87,(1443032540,807573000,0),benign
[0,0,0,0,0,0,0,0,0,0,0,0,0,0,0,0,0,0,0,0,0,0,0],192.168.6.120,(1443032540,785553000,0),benign
[0,0,0,0,0,0,0,0,0,0,0,0,0,0,0,0,0,0,0,0,0,0,0],192.168.6.121,(1443032540,766739000,0),benign
[0,0,0,0,0,0,0,0,0,0,0,0,0,0,0,0,0,0,0,0,0,0,0],192.168.6.122,(1443032540,803570000,0),benign
[0,0,0,0,0,0,0,0,0,0,0,0,0,0,0,0,0,0,0,0,0,0,0],192.168.6.123,(1443032540,796411000,0),benign
[0,0,0,0,0,0,0,0,0,0,0,0,0,0,0,0,0,0,0,0,0,0,0],192.168.5.40,(1443032540,811294000,0),benign
[0,0,0,0,0,0,0,0,0,0,0,0,0,0,0,0,0,0,0,0,0,0,0],192.168.5.41,(1443032540,806109000,0),benign
[0,0,0,0,0,0,0,0,0,0,0,0,0,0,0,0,0,0,0,0,0,0,0],192.168.6.124,(1443032540,745096000,0),benign
[0,0,0,0,0,0,0,0,0,0,0,0,0,0,0,0,0,0,0,0,0,0,0],192.168.6.125,(1443032540,776972000,0),benign
[0,0,0,0,0,0,0,0,0,0,0,0,0,0,0,0,0,0,0,0,0,0,0],192.168.6.126,(1443032540,804013000,0),benign
[0,0,0,0,0,0,0,0,0,0,0,0,0,0,0,0,0,0,0,0,0,0,0],192.168.5.43,(1443032540,806141000,0),benign
[0,0,0,0,0,0,0,0,0,0,0,0,0,0,0,0,0,0,0,0,0,0,0],192.168.6.127,(1443032540,771172000,0),benign
[0,0,0,0,0,0,0,0,0,0,0,0,0,0,0,0,0,0,0,0,0,0,0],192.168.5.44,(1443032540,745136000,0),benign
[0,0,0,0,0,0,0,0,0,0,0,0,0,0,0,0,0,0,0,0,0,0,0],192.168.5.45,(1443032540,788897000,0),benign
[0,0,0,0,0,0,0,0,0,0,0,0,0,0,0,0,0,0,0,0,0,0,0],192.168.6.128,(1443032540,758388000,0),benign
[0,0,0,0,0,0,0,0,0,0,0,0,0,0,0,0,0,0,0,0,0,0,0],192.168.6.129,(1443032540,785498000,0),benign
[0,0,0,0,0,0,0,0,0,0,0,0,0,0,0,0,0,0,0,0,0,0,0],192.168.5.46,(1443032540,766327000,0),benign
[0,0,0,0,0,0,0,0,0,0,0,0,0,0,0,0,0,0,0,0,0,0,0],192.168.5.48,(1443032540,806408000,0),benign
[0,0,0,0,0,0,0,0,0,0,0,0,0,0,0,0,0,0,0,0,0,0,0],192.168.5.49,(1443032540,808572000,0),benign
[0,0,0,0,0,0,0,0,0,0,0,0,0,0,0,0,0,0,0,0,0,0,0],192.168.7.120,(1443032540,759185000,0),benign
[0,0,0,0,0,0,0,0,0,0,0,0,0,0,0,0,0,0,0,0,0,0,0],192.168.7.121,(1443032540,782536000,0),benign
[0,0,0,0,0,1,0,0,0,0,0,0,0,0,0,1,0,0,0,0,0,0,0],192.168.7.122,(1443032540,751629000,0),benign
[0,0,0,0,0,0,0,0,0,0,0,0,0,0,0,0,0,0,0,0,0,0,0],192.168.7.123,(1443032540,750822000,0),benign
[0,0,0,0,0,0,0,0,0,0,0,0,0,0,0,0,0,0,0,0,0,0,0],192.168.7.124,(1443032540,808634000,0),benign
[0,0,0,0,0,0,0,0,0,0,0,0,0,0,0,0,0,0,0,0,0,0,0],192.168.7.125,(1443032540,814487000,0),benign
[0,0,0,0,0,0,0,0,0,0,0,0,0,0,0,0,0,0,0,0,0,0,0],192.168.7.126,(1443032540,810154000,0),benign
[0,0,0,0,0,0,0,0,0,0,0,0,0,0,0,0,0,0,0,0,0,0,0],192.168.7.127,(1443032540,803191000,0),benign
[0,0,0,0,0,0,0,0,0,0,0,0,0,0,0,0,0,0,0,0,0,0,0],192.168.7.128,(1443032540,756757000,0),benign
[0,0,0,0,0,0,0,0,0,0,0,0,0,0,0,0,0,0,0,0,0,0,0],192.168.6.31,(1443032540,768044000,0),benign
[0,0,0,0,0,0,0,0,0,0,0,0,0,0,0,0,0,0,0,0,0,0,0],192.168.7.129,(1443032540,810678000,0),benign
[0,0,0,0,0,0,0,0,0,0,0,0,0,0,0,0,0,0,0,0,0,0,0],192.168.6.32,(1443032540,788656000,0),benign
[0,0,0,0,0,1,0,0,0,0,0,0,0,0,0,1,0,0,0,0,0,0,0],192.168.6.34,(1443032540,814669000,0),benign
[0,0,0,0,0,0,0,0,0,0,0,0,0,0,0,0,0,0,0,0,0,0,0],192.168.6.35,(1443032540,794983000,0),benign
[0,0,0,0,0,0,0,0,0,0,0,0,0,0,0,0,0,0,0,0,0,0,0],192.168.6.37,(1443032540,766184000,0),benign
[0,0,0,0,0,0,0,0,0,0,0,0,0,0,0,0,0,0,0,0,0,0,0],192.168.6.38,(1443032540,803308000,0),benign
[0,0,0,0,0,0,0,0,0,0,0,0,0,0,0,0,0,0,0,0,0,0,0],192.168.6.39,(1443032540,749156000,0),benign
[0,0,0,0,0,0,0,0,0,0,0,0,0,0,0,0,0,0,0,0,0,0,0],192.168.5.231,(1443032540,794742000,0),benign
[0,0,0,0,0,0,0,0,0,0,0,0,0,0,0,0,0,0,0,0,0,0,0],192.168.5.232,(1443032540,764622000,0),benign
[0,0,0,0,0,0,0,0,0,0,0,0,0,0,0,0,0,0,0,0,0,0,0],192.168.5.233,(1443032540,771713000,0),benign
[0,0,0,0,0,0,0,0,0,0,0,0,0,0,0,0,0,0,0,0,0,0,0],192.168.5.234,(1443032540,792108000,0),benign
[0,0,0,0,0,0,0,0,0,0,0,0,0,0,0,0,0,0,0,0,0,0,0],192.168.5.235,(1443032540,785730000,0),benign
[0,0,0,0,0,0,0,0,0,0,0,0,0,0,0,0,0,0,0,0,0,0,0],192.168.7.20,(1443032540,787076000,0),benign
[0,0,0,0,0,2,0,0,0,0,0,0,0,0,0,1,0,0,0,0,0,0,0],192.168.5.236,(1443032540,794859000,0),benign
[0,0,0,0,0,0,0,0,0,0,0,0,0,0,0,0,0,0,0,0,0,0,0],192.168.7.21,(1443032540,764479000,0),benign
[0,0,0,0,0,0,0,0,0,0,0,0,0,0,0,0,0,0,0,0,0,0,0],192.168.7.22,(1443032540,778827000,0),benign
[0,0,0,0,0,0,0,0,0,0,0,0,0,0,0,0,0,0,0,0,0,0,0],192.168.7.23,(1443032540,815406000,0),benign
[0,0,0,0,0,1,0,0,0,0,0,0,0,0,0,1,0,0,0,0,0,0,0],192.168.5.239,(1443032540,774346000,0),benign
[0,0,0,0,0,0,0,0,0,0,0,0,0,0,0,0,0,0,0,0,0,0,0],192.168.7.24,(1443032540,753706000,0),benign
[0,0,0,0,0,0,0,0,0,0,0,0,0,0,0,0,0,0,0,0,0,0,0],192.168.7.25,(1443032540,815331000,0),benign
[0,0,0,0,0,0,0,0,0,0,0,0,0,0,0,0,0,0,0,0,0,0,0],192.168.7.26,(1443032540,760630000,0),benign
[0,0,0,0,0,0,0,0,0,0,0,0,0,0,0,0,0,0,0,0,0,0,0],192.168.7.0,(1443032540,805567000,0),benign
[0,0,0,0,0,0,0,0,0,0,0,0,0,0,0,0,0,0,0,0,0,0,0],192.168.7.28,(1443032540,771752000,0),benign
[0,0,0,0,0,0,0,0,0,0,0,0,0,0,0,0,0,0,0,0,0,0,0],192.168.7.1,(1443032540,783438000,0),benign
[0,0,0,0,0,2,0,0,0,0,0,0,0,0,0,1,0,0,0,0,0,0,0],192.168.6.230,(1443032540,783755000,0),benign
[0,0,0,0,0,0,0,0,0,0,0,0,0,0,0,0,0,0,0,0,0,0,0],192.168.6.231,(1443032540,799691000,0),benign
[0,0,0,0,0,1,0,0,0,0,0,0,0,0,0,1,0,0,0,0,0,0,0],192.168.7.2,(1443032540,794730000,0),benign
[0,0,0,0,0,0,0,0,0,0,0,0,0,0,0,0,0,0,0,0,0,0,0],192.168.6.232,(1443032540,787706000,0),benign
[0,0,0,0,0,0,0,0,0,0,0,0,0,0,0,0,0,0,0,0,0,0,0],192.168.7.3,(1443032540,753592000,0),benign
[0,0,0,0,0,0,0,0,0,0,0,0,0,0,0,0,0,0,0,0,0,0,0],192.168.6.233,(1443032540,765386000,0),benign
[0,0,0,0,0,0,0,0,0,0,0,0,0,0,0,0,0,0,0,0,0,0,0],192.168.7.5,(1443032540,770221000,0),benign
[0,0,0,0,0,0,0,0,0,0,0,0,0,0,0,0,0,0,0,0,0,0,0],192.168.6.234,(1443032540,773739000,0),benign
[0,0,0,0,0,0,0,0,0,0,0,0,0,0,0,0,0,0,0,0,0,0,0],192.168.7.6,(1443032540,777169000,0),benign
[0,0,0,0,0,0,0,0,0,0,0,0,0,0,0,0,0,0,0,0,0,0,0],192.168.6.236,(1443032540,810854000,0),benign
[0,0,0,0,0,0,0,0,0,0,0,0,0,0,0,0,0,0,0,0,0,0,0],192.168.5.190,(1443032540,788863000,0),benign
[0,0,0,0,0,0,0,0,0,0,0,0,0,0,0,0,0,0,0,0,0,0,0],192.168.7.7,(1443032540,764348000,0),benign
[0,0,0,0,0,0,0,0,0,0,0,0,0,0,0,0,0,0,0,0,0,0,0],192.168.7.8,(1443032540,807684000,0),benign
[0,0,0,0,0,0,0,0,0,0,0,0,0,0,0,0,0,0,0,0,0,0,0],192.168.6.237,(1443032540,753572000,0),benign
[0,0,0,0,0,0,0,0,0,0,0,0,0,0,0,0,0,0,0,0,0,0,0],192.168.5.192,(1443032540,799648000,0),benign
[0,0,0,0,0,0,0,0,0,0,0,0,0,0,0,0,0,0,0,0,0,0,0],192.168.7.9,(1443032540,772044000,0),benign
[0,0,0,0,0,0,0,0,0,0,0,0,0,0,0,0,0,0,0,0,0,0,0],192.168.6.238,(1443032540,774409000,0),benign
[0,0,0,0,0,0,0,0,0,0,0,0,0,0,0,0,0,0,0,0,0,0,0],192.168.6.239,(1443032540,751672000,0),benign
[0,0,0,0,0,0,0,0,0,0,0,0,0,0,0,0,0,0,0,0,0,0,0],192.168.5.194,(1443032540,753907000,0),benign
[0,0,0,0,0,0,0,0,0,0,0,0,0,0,0,0,0,0,0,0,0,0,0],192.168.5.196,(1443032540,795109000,0),benign
[0,0,0,0,0,0,0,0,0,0,0,0,0,0,0,0,0,0,0,0,0,0,0],192.168.5.198,(1443032540,792814000,0),benign
[0,0,0,0,0,0,0,0,0,0,0,0,0,0,0,0,0,0,0,0,0,0,0],192.168.5.199,(1443032540,762356000,0),benign
[0,0,0,0,0,0,0,0,0,0,0,0,0,0,0,0,0,0,0,0,0,0,0],192.168.7.230,(1443032540,760520000,0),benign
[0,0,0,0,0,0,0,0,0,0,0,0,0,0,0,0,0,0,0,0,0,0,0],192.168.7.231,(1443032540,805124000,0),benign
[0,0,0,0,0,0,0,0,0,0,0,0,0,0,0,0,0,0,0,0,0,0,0],192.168.7.233,(1443032540,783921000,0),benign
[0,0,0,0,0,0,0,0,0,0,0,0,0,0,0,0,0,0,0,0,0,0,0],192.168.7.234,(1443032540,785570000,0),benign
[0,0,0,0,0,0,0,0,0,0,0,0,0,0,0,0,0,0,0,0,0,0,0],192.168.7.235,(1443032540,746727000,0),benign
[0,0,0,0,0,0,0,0,0,0,0,0,0,0,0,0,0,0,0,0,0,0,0],192.168.7.236,(1443032540,809529000,0),benign
[0,0,0,0,0,0,0,0,0,0,0,0,0,0,0,0,0,0,0,0,0,0,0],192.168.6.191,(1443032540,785080000,0),benign
[0,0,0,0,0,0,0,0,0,0,0,0,0,0,0,0,0,0,0,0,0,0,0],192.168.7.237,(1443032540,770477000,0),benign
[0,0,0,0,0,1,0,0,0,0,0,0,0,0,0,1,0,0,0,0,0,0,0],192.168.6.192,(1443032540,803728000,0),benign
[0,0,0,0,0,0,0,0,0,0,0,0,0,0,0,0,0,0,0,0,0,0,0],192.168.7.238,(1443032540,795054000,0),benign
[0,0,0,0,0,0,0,0,0,0,0,0,0,0,0,0,0,0,0,0,0,0,0],192.168.7.239,(1443032540,804703000,0),benign
[0,0,0,0,0,0,0,0,0,0,0,0,0,0,0,0,0,0,0,0,0,0,0],192.168.6.193,(1443032540,778784000,0),benign
[0,0,0,0,0,0,0,0,0,0,0,0,0,0,0,0,0,0,0,0,0,0,0],192.168.6.194,(1443032540,766106000,0),benign
[0,0,0,0,0,0,0,0,0,0,0,0,0,0,0,0,0,0,0,0,0,0,0],192.168.6.195,(1443032540,782141000,0),benign
[0,0,0,0,0,0,0,0,0,0,0,0,0,0,0,0,0,0,0,0,0,0,0],192.168.6.196,(1443032540,779343000,0),benign
[0,0,0,0,0,0,0,0,0,0,0,0,0,0,0,0,0,0,0,0,0,0,0],192.168.6.197,(1443032540,810354000,0),benign
[0,0,0,0,0,0,0,0,0,0,0,0,0,0,0,0,0,0,0,0,0,0,0],192.168.6.198,(1443032540,806978000,0),benign
[0,0,0,0,0,0,0,0,0,0,0,0,0,0,0,0,0,0,0,0,0,0,0],192.168.6.199,(1443032540,761553000,0),benign
[0,0,0,0,0,0,0,0,0,0,0,0,0,0,0,0,0,0,0,0,0,0,0],192.168.7.191,(1443032540,813550000,0),benign
[0,0,0,0,0,0,0,0,0,0,0,0,0,0,0,0,0,0,0,0,0,0,0],192.168.7.192,(1443032540,748574000,0),benign
[0,0,0,0,0,0,0,0,0,0,0,0,0,0,0,0,0,0,0,0,0,0,0],192.168.7.194,(1443032540,786836000,0),benign
[0,0,0,0,0,0,0,0,0,0,0,0,0,0,0,0,0,0,0,0,0,0,0],192.168.7.195,(1443032540,806634000,0),benign
[0,0,0,0,0,0,0,0,0,0,0,0,0,0,0,0,0,0,0,0,0,0,0],192.168.7.196,(1443032540,754358000,0),benign
[0,0,0,0,0,0,0,0,0,0,0,0,0,0,0,0,0,0,0,0,0,0,0],192.168.7.197,(1443032540,808877000,0),benign
[0,0,0,0,0,0,0,0,0,0,0,0,0,0,0,0,0,0,0,0,0,0,0],192.168.7.198,(1443032540,769846000,0),benign
[0,0,0,0,0,2,0,0,0,0,0,0,0,0,0,1,0,0,0,0,0,0,0],192.168.7.199,(1443032540,815737000,0),benign
[0,0,0,0,0,0,0,0,0,0,0,0,0,0,0,0,0,0,0,0,0,0,0],192.168.5.130,(1443032540,813113000,0),benign
[0,0,0,0,0,0,0,0,0,0,0,0,0,0,0,0,0,0,0,0,0,0,0],192.168.5.131,(1443032540,815019000,0),benign
[0,0,0,0,0,0,0,0,0,0,0,0,0,0,0,0,0,0,0,0,0,0,0],192.168.5.132,(1443032540,792434000,0),benign
[0,0,0,0,0,2,0,0,0,0,0,0,0,0,0,1,0,0,0,0,0,0,0],192.168.7.90,(1443032540,784116000,0),benign
[0,0,0,0,0,0,0,0,0,0,0,0,0,0,0,0,0,0,0,0,0,0,0],192.168.5.133,(1443032540,778513000,0),benign
[0,0,0,0,0,0,0,0,0,0,0,0,0,0,0,0,0,0,0,0,0,0,0],192.168.5.134,(1443032540,805656000,0),benign
[0,0,0,0,0,0,0,0,0,0,0,0,0,0,0,0,0,0,0,0,0,0,0],192.168.7.91,(1443032540,807914000,0),benign
[0,0,0,0,0,0,0,0,0,0,0,0,0,0,0,0,0,0,0,0,0,0,0],192.168.5.135,(1443032540,811324000,0),benign
[0,0,0,0,0,0,0,0,0,0,0,0,0,0,0,0,0,0,0,0,0,0,0],192.168.7.92,(1443032540,806652000,0),benign
[0,0,0,0,0,0,0,0,0,0,0,0,0,0,0,0,0,0,0,0,0,0,0],192.168.5.136,(1443032540,763162000,0),benign
[0,0,0,0,0,0,0,0,0,0,0,0,0,0,0,0,0,0,0,0,0,0,0],192.168.5.137,(1443032540,792726000,0),benign
[0,0,0,0,0,0,0,0,0,0,0,0,0,0,0,0,0,0,0,0,0,0,0],192.168.7.94,(1443032540,765447000,0),benign
[0,0,0,0,0,0,0,0,0,0,0,0,0,0,0,0,0,0,0,0,0,0,0],192.168.5.138,(1443032540,769982000,0),benign
[0,0,0,0,0,2,0,0,0,0,0,0,0,0,0,1,0,0,0,0,0,0,0],192.168.7.96,(1443032540,788824000,0),benign
[0,0,0,0,0,2,0,0,0,0,0,0,0,0,0,1,0,0,0,0,0,0,0],192.168.7.97,(1443032540,813212000,0),benign
[0,0,0,0,0,0,0,0,0,0,0,0,0,0,0,0,0,0,0,0,0,0,0],192.168.7.98,(1443032540,769054000,0),benign
[0,0,0,0,0,0,0,0,0,0,0,0,0,0,0,0,0,0,0,0,0,0,0],192.168.7.99,(1443032540,805931000,0),benign
[0,0,0,0,0,0,0,0,0,0,0,0,0,0,0,0,0,0,0,0,0,0,0],192.168.6.130,(1443032540,752360000,0),benign
[0,0,0,0,0,0,0,0,0,0,0,0,0,0,0,0,0,0,0,0,0,0,0],192.168.6.131,(1443032540,785100000,0),benign
[0,0,0,0,0,0,0,0,0,0,0,0,0,0,0,0,0,0,0,0,0,0,0],192.168.6.2,(1443032540,773960000,0),benign
[0,0,0,0,0,0,0,0,0,0,0,0,0,0,0,0,0,0,0,0,0,0,0],192.168.6.132,(1443032540,769904000,0),benign
[0,0,0,0,0,0,0,0,0,0,0,0,0,0,0,0,0,0,0,0,0,0,0],192.168.6.4,(1443032540,806049000,0),benign
[0,0,0,0,0,0,0,0,0,0,0,0,0,0,0,0,0,0,0,0,0,0,0],192.168.6.133,(1443032540,804515000,0),benign
[0,0,0,0,0,0,0,0,0,0,0,0,0,0,0,0,0,0,0,0,0,0,0],192.168.5.50,(1443032540,803915000,0),benign
[0,0,0,0,0,0,0,0,0,0,0,0,0,0,0,0,0,0,0,0,0,0,0],192.168.6.134,(1443032540,758776000,0),benign
[0,0,0,0,0,0,0,0,0,0,0,0,0,0,0,0,0,0,0,0,0,0,0],192.168.6.5,(1443032540,756324000,0),benign
[0,0,0,0,0,0,0,0,0,0,0,0,0,0,0,0,0,0,0,0,0,0,0],192.168.5.51,(1443032540,770865000,0),benign
[0,0,0,0,0,0,0,0,0,0,0,0,0,0,0,0,0,0,0,0,0,0,0],192.168.6.135,(1443032540,771583000,0),benign
[0,0,0,0,0,0,0,0,0,0,0,0,0,0,0,0,0,0,0,0,0,0,0],192.168.6.6,(1443032540,758572000,0),benign
[0,0,0,0,0,0,0,0,0,0,0,0,0,0,0,0,0,0,0,0,0,0,0],192.168.5.52,(1443032540,757594000,0),benign
[0,0,0,0,0,1,0,0,0,0,0,0,0,0,0,1,0,0,0,0,0,0,0],192.168.6.136,(1443032540,780664000,0),benign
[0,0,0,0,0,0,0,0,0,0,0,0,0,0,0,0,0,0,0,0,0,0,0],192.168.6.7,(1443032540,780486000,0),benign
[0,0,0,0,0,0,0,0,0,0,0,0,0,0,0,0,0,0,0,0,0,0,0],192.168.5.53,(1443032540,771982000,0),benign
[0,0,0,0,0,0,0,0,0,0,0,0,0,0,0,0,0,0,0,0,0,0,0],192.168.6.137,(1443032540,811003000,0),benign
[0,0,0,0,0,2,0,0,0,0,0,0,0,0,0,1,0,0,0,0,0,0,0],192.168.6.8,(1443032540,794650000,0),benign
[0,0,0,0,0,1,0,0,0,0,0,0,0,0,0,1,0,0,0,0,0,0,0],192.168.5.54,(1443032540,761484000,0),benign
[0,0,0,0,0,0,0,0,0,0,0,0,0,0,0,0,0,0,0,0,0,0,0],192.168.5.55,(1443032540,752549000,0),benign
[0,0,0,0,0,0,0,0,0,0,0,0,0,0,0,0,0,0,0,0,0,0,0],192.168.6.138,(1443032540,775194000,0),benign
[0,0,0,0,0,0,0,0,0,0,0,0,0,0,0,0,0,0,0,0,0,0,0],192.168.5.56,(1443032540,799417000,0),benign
[0,0,0,0,0,0,0,0,0,0,0,0,0,0,0,0,0,0,0,0,0,0,0],192.168.6.139,(1443032540,783737000,0),benign
[0,0,0,0,0,0,0,0,0,0,0,0,0,0,0,0,0,0,0,0,0,0,0],192.168.5.57,(1443032540,780405000,0),benign
[0,0,0,0,0,2,0,0,0,0,0,0,0,0,0,1,0,0,0,0,0,0,0],192.168.5.58,(1443032540,812473000,0),benign
[0,0,0,0,0,0,0,0,0,0,0,0,0,0,0,0,0,0,0,0,0,0,0],192.168.5.59,(1443032540,785158000,0),benign
[0,0,0,0,0,0,0,0,0,0,0,0,0,0,0,0,0,0,0,0,0,0,0],192.168.7.130,(1443032540,754729000,0),benign
[0,0,0,0,0,0,0,0,0,0,0,0,0,0,0,0,0,0,0,0,0,0,0],192.168.7.131,(1443032540,811132000,0),benign
